relative_path	bytes	extension
assets/audio/Desktop/animals.assets.bank	675904	.bank
assets/audio/Desktop/animals.bank	40688	.bank
assets/audio/Desktop/Autumn.assets.bank	199563456	.bank
assets/audio/Desktop/Autumn.bank	860558	.bank
assets/audio/Desktop/Background.assets.bank	13999808	.bank
assets/audio/Desktop/Background.bank	68844	.bank
assets/audio/Desktop/Bank A.assets.bank	921056	.bank
assets/audio/Desktop/Bank A.bank	69448	.bank
assets/audio/Desktop/Christmas.assets.bank	125784832	.bank
assets/audio/Desktop/Christmas.bank	703362	.bank
assets/audio/Desktop/Cosmetics.assets.bank	1596576	.bank
assets/audio/Desktop/Cosmetics.bank	330308	.bank
assets/audio/Desktop/Flower.assets.bank	141939904	.bank
assets/audio/Desktop/Flower.bank	829478	.bank
assets/audio/Desktop/Garden.assets.bank	1948544	.bank
assets/audio/Desktop/Garden.bank	75964	.bank
assets/audio/Desktop/Halloween.assets.bank	160339872	.bank
assets/audio/Desktop/Halloween.bank	727620	.bank
assets/audio/Desktop/Interaction.assets.bank	9435424	.bank
assets/audio/Desktop/Interaction.bank	1157568	.bank
assets/audio/Desktop/Landscape.assets.bank	647104	.bank
assets/audio/Desktop/Landscape.bank	43334	.bank
assets/audio/Desktop/Master.assets.bank	4193632	.bank
assets/audio/Desktop/Master.bank	235724	.bank
assets/audio/Desktop/Master.strings.bank	32124	.bank
assets/audio/Desktop/MusicIntro.assets.bank	320866272	.bank
assets/audio/Desktop/MusicIntro.bank	800734	.bank
assets/audio/Desktop/Olden.assets.bank	184358816	.bank
assets/audio/Desktop/Olden.bank	821106	.bank
assets/audio/Desktop/Summer.assets.bank	156824064	.bank
assets/audio/Desktop/Summer.bank	828044	.bank
assets/audio/Desktop/UI.assets.bank	4190848	.bank
assets/audio/Desktop/UI.bank	191380	.bank
assets/audio/Desktop/Water.assets.bank	2081280	.bank
assets/audio/Desktop/Water.bank	50864	.bank
assets/audio/Desktop/Winter.assets.bank	164119808	.bank
assets/audio/Desktop/Winter.bank	1217596	.bank
assets/colors.json	3846	.json
assets/data/rocky_terrain.json	30998513	.json
assets/fonts/averia sans/AveriaSansLibre-Bold.ttf	111896	.ttf
assets/fonts/averia sans/AveriaSansLibre-BoldItalic.ttf	134724	.ttf
assets/fonts/averia sans/AveriaSansLibre-Italic.ttf	127756	.ttf
assets/fonts/averia sans/AveriaSansLibre-Light.ttf	106684	.ttf
assets/fonts/averia sans/AveriaSansLibre-LightItalic.ttf	133132	.ttf
assets/fonts/averia sans/AveriaSansLibre-Regular.ttf	107240	.ttf
assets/fonts/averia sans/OFL.txt	4403	.txt
assets/fonts/baloo2/Baloo2-Bold.ttf	420096	.ttf
assets/fonts/baloo2/Baloo2-ExtraBold.ttf	419672	.ttf
assets/fonts/baloo2/Baloo2-Medium.ttf	420284	.ttf
assets/fonts/baloo2/Baloo2-Regular.ttf	419976	.ttf
assets/fonts/baloo2/Baloo2-SemiBold.ttf	420204	.ttf
assets/fonts/baloo2/OFL.txt	4384	.txt
assets/fonts/fira sans/FiraSans-Black.ttf	491496	.ttf
assets/fonts/fira sans/FiraSans-BlackItalic.ttf	511708	.ttf
assets/fonts/fira sans/FiraSans-Bold.ttf	473876	.ttf
assets/fonts/fira sans/FiraSans-BoldItalic.ttf	491048	.ttf
assets/fonts/fira sans/FiraSans-ExtraBold.ttf	481124	.ttf
assets/fonts/fira sans/FiraSans-ExtraBoldItalic.ttf	521088	.ttf
assets/fonts/fira sans/FiraSans-ExtraLight.ttf	431308	.ttf
assets/fonts/fira sans/FiraSans-ExtraLightItalic.ttf	446916	.ttf
assets/fonts/fira sans/FiraSans-Italic.ttf	456436	.ttf
assets/fonts/fira sans/FiraSans-Light.ttf	433824	.ttf
assets/fonts/fira sans/FiraSans-LightItalic.ttf	447376	.ttf
assets/fonts/fira sans/FiraSans-Medium.ttf	441384	.ttf
assets/fonts/fira sans/FiraSans-MediumItalic.ttf	456840	.ttf
assets/fonts/fira sans/FiraSans-Regular.ttf	440984	.ttf
assets/fonts/fira sans/FiraSans-SemiBold.ttf	473160	.ttf
assets/fonts/fira sans/FiraSans-SemiBoldItalic.ttf	490704	.ttf
assets/fonts/fira sans/FiraSans-Thin.ttf	426752	.ttf
assets/fonts/fira sans/FiraSans-ThinItalic.ttf	441292	.ttf
assets/fonts/fira sans/OFL.txt	4372	.txt
assets/fonts/noto emoji/NotoColorEmoji.ttf	10589456	.ttf
assets/fonts/noto emoji/OFL.txt	4301	.txt
assets/fonts/noto sans/NotoSans-Bold.ttf	582604	.ttf
assets/fonts/noto sans/NotoSans-BoldItalic.ttf	596992	.ttf
assets/fonts/noto sans/NotoSans-Italic.ttf	597000	.ttf
assets/fonts/noto sans/NotoSans-Medium.ttf	583016	.ttf
assets/fonts/noto sans/NotoSans-MediumItalic.ttf	597348	.ttf
assets/fonts/noto sans/NotoSans-Regular.ttf	582748	.ttf
assets/fonts/noto sans/NotoSans-SemiBold.ttf	583312	.ttf
assets/fonts/noto sans/NotoSans-SemiBoldItalic.ttf	597572	.ttf
assets/fonts/noto sans/OFL.txt	4396	.txt
assets/fonts/noto sans kr/NotoSansKR-Black.ttf	6188800	.ttf
assets/fonts/noto sans kr/NotoSansKR-Bold.ttf	6190824	.ttf
assets/fonts/noto sans kr/NotoSansKR-ExtraBold.ttf	6189864	.ttf
assets/fonts/noto sans kr/NotoSansKR-ExtraLight.ttf	6201060	.ttf
assets/fonts/noto sans kr/NotoSansKR-Light.ttf	6198972	.ttf
assets/fonts/noto sans kr/NotoSansKR-Medium.ttf	6190280	.ttf
assets/fonts/noto sans kr/NotoSansKR-Regular.ttf	6192764	.ttf
assets/fonts/noto sans kr/NotoSansKR-SemiBold.ttf	6188924	.ttf
assets/fonts/noto sans kr/NotoSansKR-Thin.ttf	6201276	.ttf
assets/fonts/noto sans kr/OFL.txt	4388	.txt
assets/fonts/noto sans sc/NotoSansSC-Black.ttf	10541360	.ttf
assets/fonts/noto sans sc/NotoSansSC-Bold.ttf	10550116	.ttf
assets/fonts/noto sans sc/NotoSansSC-ExtraBold.ttf	10545112	.ttf
assets/fonts/noto sans sc/NotoSansSC-ExtraLight.ttf	10563904	.ttf
assets/fonts/noto sans sc/NotoSansSC-Light.ttf	10565404	.ttf
assets/fonts/noto sans sc/NotoSansSC-Medium.ttf	10553544	.ttf
assets/fonts/noto sans sc/NotoSansSC-Regular.ttf	10560380	.ttf
assets/fonts/noto sans sc/NotoSansSC-SemiBold.ttf	10550044	.ttf
assets/fonts/noto sans sc/NotoSansSC-Thin.ttf	10558544	.ttf
assets/fonts/noto sans sc/OFL.txt	4388	.txt
assets/fonts/patrick hand sc/OFL.txt	4376	.txt
assets/fonts/patrick hand sc/PatrickHandSC-Regular.ttf	150100	.ttf
assets/fonts/playpen sans/OFL.txt	4399	.txt
assets/fonts/playpen sans/PlaypenSans-Bold.ttf	245096	.ttf
assets/fonts/playpen sans/PlaypenSans-ExtraBold.ttf	244912	.ttf
assets/fonts/playpen sans/PlaypenSans-ExtraLight.ttf	244756	.ttf
assets/fonts/playpen sans/PlaypenSans-Light.ttf	244844	.ttf
assets/fonts/playpen sans/PlaypenSans-Medium.ttf	244732	.ttf
assets/fonts/playpen sans/PlaypenSans-Regular.ttf	244616	.ttf
assets/fonts/playpen sans/PlaypenSans-SemiBold.ttf	245096	.ttf
assets/fonts/playpen sans/PlaypenSans-Thin.ttf	244336	.ttf
assets/fonts/shantell sans/OFL.txt	4398	.txt
assets/fonts/shantell sans/ShantellSans-Bold.ttf	396184	.ttf
assets/fonts/shantell sans/ShantellSans-BoldItalic.ttf	406592	.ttf
assets/fonts/shantell sans/ShantellSans-ExtraBold.ttf	395620	.ttf
assets/fonts/shantell sans/ShantellSans-ExtraBoldItalic.ttf	405984	.ttf
assets/fonts/shantell sans/ShantellSans-Italic.ttf	406420	.ttf
assets/fonts/shantell sans/ShantellSans-Light.ttf	395792	.ttf
assets/fonts/shantell sans/ShantellSans-LightItalic.ttf	405820	.ttf
assets/fonts/shantell sans/ShantellSans-Medium.ttf	396236	.ttf
assets/fonts/shantell sans/ShantellSans-MediumItalic.ttf	406628	.ttf
assets/fonts/shantell sans/ShantellSans-Regular.ttf	396080	.ttf
assets/fonts/shantell sans/ShantellSans-SemiBold.ttf	396284	.ttf
assets/fonts/shantell sans/ShantellSans-SemiBoldItalic.ttf	406644	.ttf
assets/fonts/table.ron	164	.ron
assets/fonts/ubuntu/Ubuntu-Bold.ttf	270164	.ttf
assets/fonts/ubuntu/Ubuntu-BoldItalic.ttf	283444	.ttf
assets/fonts/ubuntu/Ubuntu-Italic.ttf	326932	.ttf
assets/fonts/ubuntu/Ubuntu-Light.ttf	362552	.ttf
assets/fonts/ubuntu/Ubuntu-LightItalic.ttf	350208	.ttf
assets/fonts/ubuntu/Ubuntu-Medium.ttf	285136	.ttf
assets/fonts/ubuntu/Ubuntu-MediumItalic.ttf	309648	.ttf
assets/fonts/ubuntu/Ubuntu-Regular.ttf	299684	.ttf
assets/fonts/ubuntu/UFL.txt	4673	.txt
assets/glade/autumn/audio.json	299	.json
assets/glade/autumn/colors.json	577	.json
assets/glade/autumn/grading.json	160	.json
assets/glade/autumn/plants.json	2	.json
assets/glade/autumn/settings.json	120	.json
assets/glade/autumn/textures.json	377	.json
assets/glade/autumn/tod.json	11879	.json
assets/glade/autumn/trees/bg_terrain_trees.json	263662	.json
assets/glade/autumn/trees/branchy_trees_1.json	359	.json
assets/glade/autumn/trees/branchy_trees_2.json	535	.json
assets/glade/autumn/trees/bushes.json	1736	.json
assets/glade/autumn/trees/central_trees.json	245	.json
assets/glade/autumn/trees/clearing_edge1.json	48408	.json
assets/glade/autumn/trees/clearing_edge2.json	20941	.json
assets/glade/autumn/trees/clearing_edge3.json	1875	.json
assets/glade/autumn/trees/mid_distance_trees_1.json	14127	.json
assets/glade/autumn/trees/mid_distance_trees_2.json	11425	.json
assets/glade/autumn/trees.json	1349	.json
assets/glade/flowery/audio.json	311	.json
assets/glade/flowery/grading.json	164	.json
assets/glade/flowery/plants/flowers.json	12824	.json
assets/glade/flowery/plants/lavender.json	42065	.json
assets/glade/flowery/plants/leafy_plants.json	10584	.json
assets/glade/flowery/plants.json	136	.json
assets/glade/flowery/settings.json	141	.json
assets/glade/flowery/textures.json	381	.json
assets/glade/flowery/tod.json	11867	.json
assets/glade/flowery/trees/bg_terrain_trees.json	78843	.json
assets/glade/flowery/trees/branchy_trees_1.json	359	.json
assets/glade/flowery/trees/branchy_trees_2.json	535	.json
assets/glade/flowery/trees/bushes.json	1736	.json
assets/glade/flowery/trees/central_trees.json	245	.json
assets/glade/flowery/trees/clearing_edge1.json	20935	.json
assets/glade/flowery/trees/clearing_edge2.json	23184	.json
assets/glade/flowery/trees/clearing_edge3.json	1889	.json
assets/glade/flowery/trees/far_distance_trees.json	97455	.json
assets/glade/flowery/trees/mid_distance_trees_1.json	5368	.json
assets/glade/flowery/trees/mid_distance_trees_2.json	4569	.json
assets/glade/flowery/trees.json	1286	.json
assets/glade/olden/audio.json	298	.json
assets/glade/olden/grading.json	160	.json
assets/glade/olden/plants.json	2	.json
assets/glade/olden/settings.json	144	.json
assets/glade/olden/textures.json	344	.json
assets/glade/olden/tod.json	13349	.json
assets/glade/olden/trees/bg_terrain_trees.json	88166	.json
assets/glade/olden/trees/branchy_trees_1.json	181	.json
assets/glade/olden/trees/branchy_trees_2.json	356	.json
assets/glade/olden/trees/bushes.json	1736	.json
assets/glade/olden/trees/central_trees.json	245	.json
assets/glade/olden/trees/clearing_edge1.json	20935	.json
assets/glade/olden/trees/clearing_edge2.json	16264	.json
assets/glade/olden/trees/clearing_edge3.json	1843	.json
assets/glade/olden/trees/clearing_edge_rocks.json	31798	.json
assets/glade/olden/trees/clearing_edge_tree_logs.json	952	.json
assets/glade/olden/trees/clearing_edge_tree_stumps.json	1746	.json
assets/glade/olden/trees/large_olden_trees.json	101	.json
assets/glade/olden/trees/logs.json	723	.json
assets/glade/olden/trees/mid_distance_trees_1.json	9748	.json
assets/glade/olden/trees/mid_distance_trees_2.json	6936	.json
assets/glade/olden/trees/naked_trees.json	6966	.json
assets/glade/olden/trees/olden_trees.json	1431	.json
assets/glade/olden/trees/rocks.json	9534	.json
assets/glade/olden/trees/stumps.json	1052	.json
assets/glade/olden/trees.json	1357	.json
assets/glade/summer/audio.json	303	.json
assets/glade/summer/grading.json	160	.json
assets/glade/summer/plants/flowers.json	12824	.json
assets/glade/summer/plants/leafy_plants.json	10584	.json
assets/glade/summer/plants/terrain_plant1.json	3663	.json
assets/glade/summer/plants/terrain_plant2.json	5272	.json
assets/glade/summer/plants.json	538	.json
assets/glade/summer/settings.json	27	.json
assets/glade/summer/textures.json	333	.json
assets/glade/summer/trees/bg_terrain_trees.json	263662	.json
assets/glade/summer/trees/branchy_trees_1.json	359	.json
assets/glade/summer/trees/branchy_trees_2.json	535	.json
assets/glade/summer/trees/bushes.json	1736	.json
assets/glade/summer/trees/central_trees.json	245	.json
assets/glade/summer/trees/clearing_edge1.json	48408	.json
assets/glade/summer/trees/clearing_edge2.json	20941	.json
assets/glade/summer/trees/clearing_edge3.json	1875	.json
assets/glade/summer/trees/mid_distance_trees_1.json	14127	.json
assets/glade/summer/trees/mid_distance_trees_2.json	11425	.json
assets/glade/summer/trees.json	1026	.json
assets/glade/winter/audio.json	301	.json
assets/glade/winter/colors.json	577	.json
assets/glade/winter/grading.json	159	.json
assets/glade/winter/plants.json	2	.json
assets/glade/winter/settings.json	128	.json
assets/glade/winter/textures.json	332	.json
assets/glade/winter/tod.json	11139	.json
assets/glade/winter/trees/bg_terrain_trees.json	186746	.json
assets/glade/winter/trees/bg_terrain_trees_2.json	29665	.json
assets/glade/winter/trees/branchy_trees_1.json	359	.json
assets/glade/winter/trees/branchy_trees_2.json	535	.json
assets/glade/winter/trees/bushes.json	1736	.json
assets/glade/winter/trees/clearing_edge1.json	13404	.json
assets/glade/winter/trees/clearing_edge2.json	19968	.json
assets/glade/winter/trees/clearing_edge3.json	1894	.json
assets/glade/winter/trees/clearing_edge_naked_trees.json	5293	.json
assets/glade/winter/trees/far_distance_trees.json	48601	.json
assets/glade/winter/trees/mid_distance_trees_1.json	4401	.json
assets/glade/winter/trees/mid_distance_trees_2.json	3144	.json
assets/glade/winter/trees/naked_trees.json	4144	.json
assets/glade/winter/trees.json	1533	.json
assets/gpu_selection_header.jpg	41555	.jpg
assets/lang/de-DE.yml	18733	.yml
assets/lang/en-US.yml	17306	.yml
assets/lang/es-ES.yml	19208	.yml
assets/lang/fr-FR.yml	19403	.yml
assets/lang/it-IT.yml	18343	.yml
assets/lang/ja-JP.yml	22475	.yml
assets/lang/ko-KR.yml	19529	.yml
assets/lang/no-NO.yml	15606	.yml
assets/lang/pl-PL.yml	18528	.yml
assets/lang/pt-BR.yml	18527	.yml
assets/lang/ru-RU.yml	25846	.yml
assets/lang/sv-SE.yml	17616	.yml
assets/lang/tr-TR.yml	18503	.yml
assets/lang/uk-UA.yml	26077	.yml
assets/lang/zh-CN.yml	16657	.yml
assets/luts/---_M.Fahri_-_AnalogFilmPack_-_400h.cube	422028	.cube
assets/luts/---_M.Fahri_-_AnalogFilmPack_-_Portrait_400_Nc.cube	422039	.cube
assets/luts/AlexanderBarrelsFilmicSoft.cube	884988	.cube
assets/luts/bleach.png	11701	.png
assets/luts/BLUE_HORROR_REC709_V1.cube	896032	.cube
assets/luts/Bluecine_75.cube	944129	.cube
assets/luts/candy-2.png	6054	.png
assets/luts/cannon_cool_corr_look_224.9R8A3608.cube	960935	.cube
assets/luts/Choi_Hung_Estate_02.cube	884810	.cube
assets/luts/CINEMA_2.cube	110607	.cube
assets/luts/cold.png	6248	.png
assets/luts/Cold_Ice.cube	112143	.cube
assets/luts/Cool_Natural_Breeze.cube	884916	.cube
assets/luts/Crizo_Mzeyah.cube	884788	.cube
assets/luts/dammsugare.png	11673	.png
assets/luts/default.png	151	.png
assets/luts/DRONE_CINEMA.cube	973224	.cube
assets/luts/Era.cube	970991	.cube
assets/luts/home_39.A007_02270911_C017.cube	853883	.cube
assets/luts/luck.cube	110607	.cube
assets/luts/LUNA_COLOR.cube	1185974	.cube
assets/luts/lush.png	11839	.png
assets/luts/purple-haze.png	11114	.png
assets/luts/RoastMeat_Cinema_709_1.cube	949765	.cube
assets/luts/Sam_Kolder.cube	754867	.cube
assets/luts/sample_lut_1.rizal_final.cube	876486	.cube
assets/luts/TL_R709_V2.cube	860326	.cube
assets/luts/WW_LOOK.cube	904285	.cube
assets/meshes/background_tree.json	3710	.json
assets/meshes/billboard_plants.json	4970660	.json
assets/meshes/billboard_plants_2.json	1146713	.json
assets/meshes/branch_billboard.json	361	.json
assets/meshes/branches.json	675	.json
assets/meshes/branchy_tree_v1.json	842310	.json
assets/meshes/branchy_tree_v1_particle_spawner.json	1377	.json
assets/meshes/branchy_tree_v1_particles.json	753	.json
assets/meshes/branchy_tree_v2.json	1714002	.json
assets/meshes/branchy_tree_v2_particle_spawner.json	1373	.json
assets/meshes/branchy_tree_v2_particles.json	760	.json
assets/meshes/brick.glb	11944	.glb
assets/meshes/brick.json	68577	.json
assets/meshes/brush_2_arrows.json	7801	.json
assets/meshes/brush_4_arrows.json	16621	.json
assets/meshes/brush_5_replay.json	7465	.json
assets/meshes/brush_arrow.json	3910	.json
assets/meshes/brush_arrow_flat.json	7769	.json
assets/meshes/brush_arrow_flat_outline.json	32695	.json
assets/meshes/brush_arrow_flat_single_foward.json	3913	.json
assets/meshes/brush_arrow_flat_single_up.json	3897	.json
assets/meshes/brush_circle.json	27971	.json
assets/meshes/brush_circle_cross.json	35566	.json
assets/meshes/brush_circle_scribble.json	51322	.json
assets/meshes/bush.json	72534	.json
assets/meshes/bush_body.json	71929	.json
assets/meshes/bush_flowers.json	142928	.json
assets/meshes/butterfly.json	2895	.json
assets/meshes/central_tree.json	283879	.json
assets/meshes/clover.json	6050793	.json
assets/meshes/clover_flowers.json	1443666	.json
assets/meshes/clutter/anvil.json	511675	.json
assets/meshes/clutter/barrel.json	1894111	.json
assets/meshes/clutter/barrel_w_candles.json	1728529	.json
assets/meshes/clutter/barrel_w_food_basket.json	3963600	.json
assets/meshes/clutter/basket.json	1260896	.json
assets/meshes/clutter/basket_w_food.json	2418357	.json
assets/meshes/clutter/bench.json	3452382	.json
assets/meshes/clutter/bench_short.json	2808317	.json
assets/meshes/clutter/bench_w_basket.json	4981982	.json
assets/meshes/clutter/birdhouse.json	2183304	.json
assets/meshes/clutter/birdnest.json	122651	.json
assets/meshes/clutter/box_w_stuff.json	961902	.json
assets/meshes/clutter/bucket.json	1108815	.json
assets/meshes/clutter/cart.json	3120414	.json
assets/meshes/clutter/cart2.json	1567820	.json
assets/meshes/clutter/cart_w_pumpkins.json	4664735	.json
assets/meshes/clutter/cart_w_pumpkins_regular.json	5908962	.json
assets/meshes/clutter/crate_fish.json	322129	.json
assets/meshes/clutter/crates_w_flowers.json	664247	.json
assets/meshes/clutter/crates_w_pumpkins.json	5645305	.json
assets/meshes/clutter/crates_w_pumpkins_regular.json	6896660	.json
assets/meshes/clutter/crates_w_tools.json	962673	.json
assets/meshes/clutter/door_bell.json	19611	.json
assets/meshes/clutter/door_krans.json	91041	.json
assets/meshes/clutter/door_krans_autumn.json	90875	.json
assets/meshes/clutter/fabric_rolls.json	407887	.json
assets/meshes/clutter/firewood.json	290073	.json
assets/meshes/clutter/flowerbox.json	190777	.json
assets/meshes/clutter/haystack.json	777770	.json
assets/meshes/clutter/ladder.json	64665	.json
assets/meshes/clutter/lilypad.json	2323	.json
assets/meshes/clutter/market_stall_bread.json	416556	.json
assets/meshes/clutter/pitchfork.json	342484	.json
assets/meshes/clutter/plant_pot_v1.json	333941	.json
assets/meshes/clutter/plant_pot_v2.json	224146	.json
assets/meshes/clutter/potato_sack.json	543716	.json
assets/meshes/clutter/pumpkin.json	1409194	.json
assets/meshes/clutter/pumpkin2.json	1411016	.json
assets/meshes/clutter/pumpkin_w_face.json	1555049	.json
assets/meshes/clutter/rack_brooms.json	564013	.json
assets/meshes/clutter/rake_01.json	413232	.json
assets/meshes/clutter/reed.json	13376	.json
assets/meshes/clutter/road_sign.json	55857	.json
assets/meshes/clutter/short_bench.json	2808317	.json
assets/meshes/clutter/shovel.json	215573	.json
assets/meshes/clutter/stall_bread.json	543411	.json
assets/meshes/clutter/stall_veggies.json	577871	.json
assets/meshes/clutter/sunflower.json	881442	.json
assets/meshes/clutter/watering_can.json	1104148	.json
assets/meshes/clutter/wheel.json	765752	.json
assets/meshes/clutter/window_flower_bed_1.json	93639	.json
assets/meshes/clutter/window_flower_bed_2.json	93840	.json
assets/meshes/clutter/window_flower_bed_3.json	93706	.json
assets/meshes/clutter/window_flower_bed_4.json	112053	.json
assets/meshes/clutter/window_flower_bed_5.json	108219	.json
assets/meshes/clutter/window_flower_bed_6.json	103475	.json
assets/meshes/clutter/window_flowerpot.json	68731	.json
assets/meshes/clutter/window_shutter.json	461643	.json
assets/meshes/corner_arrow.json	7260	.json
assets/meshes/corner_arrow_outline.json	25971	.json
assets/meshes/corner_arrow_switch_ridge_dir.json	13839	.json
assets/meshes/dashed_circle.json	11376	.json
assets/meshes/dashed_lines.json	7813	.json
assets/meshes/decorator_delete_scribble.json	40470	.json
assets/meshes/decorator_outline.json	873	.json
assets/meshes/decorator_test.json	71117	.json
assets/meshes/decorator_test_cupola.json	309061	.json
assets/meshes/decorator_test_door.json	154142	.json
assets/meshes/decorator_test_dormer.json	84791	.json
assets/meshes/decorator_test_turret.json	49975	.json
assets/meshes/decorator_trigger_volume.json	1571	.json
assets/meshes/decorators/arrow_slit_1x1.json	59613	.json
assets/meshes/decorators/arrow_slit_1x1_collision.json	527	.json
assets/meshes/decorators/arrow_slit_1x1_glass.json	1141	.json
assets/meshes/decorators/arrow_slit_1x1_interaction.json	751	.json
assets/meshes/decorators/arrow_slit_1x1_outline.json	233	.json
assets/meshes/decorators/arrow_slit_1x2.json	52358	.json
assets/meshes/decorators/arrow_slit_1x2_collision.json	647	.json
assets/meshes/decorators/arrow_slit_1x2_glass.json	1135	.json
assets/meshes/decorators/arrow_slit_1x2_hat.json	13860	.json
assets/meshes/decorators/arrow_slit_1x2_interaction.json	647	.json
assets/meshes/decorators/arrow_slit_1x2_outline.json	529	.json
assets/meshes/decorators/arrow_slit_1x3.json	132900	.json
assets/meshes/decorators/arrow_slit_1x3_collision.json	2161	.json
assets/meshes/decorators/arrow_slit_1x3_glass.json	3234	.json
assets/meshes/decorators/arrow_slit_1x3_halfdormer.json	146033	.json
assets/meshes/decorators/arrow_slit_1x3_hat.json	23570	.json
assets/meshes/decorators/arrow_slit_1x3_interaction.json	2129	.json
assets/meshes/decorators/arrow_slit_1x3_outline.json	939	.json
assets/meshes/decorators/balcony_door_gothic_rank1.json	342955	.json
assets/meshes/decorators/balcony_door_gothic_rank1_collision.json	6884	.json
assets/meshes/decorators/balcony_door_gothic_rank1_collision_outline.json	2540	.json
assets/meshes/decorators/balcony_door_gothic_rank1_hat.json	274919	.json
assets/meshes/decorators/balcony_door_gothic_rank1_interaction.json	6794	.json
assets/meshes/decorators/balcony_door_gothic_rank1_outline.json	1226	.json
assets/meshes/decorators/balcony_door_gothic_rank2.json	469704	.json
assets/meshes/decorators/balcony_door_gothic_rank2_collision.json	6860	.json
assets/meshes/decorators/balcony_door_gothic_rank2_collision_outline.json	2597	.json
assets/meshes/decorators/balcony_door_gothic_rank2_hat.json	287552	.json
assets/meshes/decorators/balcony_door_gothic_rank2_interaction.json	6770	.json
assets/meshes/decorators/balcony_door_gothic_rank2_outline.json	1398	.json
assets/meshes/decorators/balcony_door_gothic_rank3.json	658786	.json
assets/meshes/decorators/balcony_door_gothic_rank3_collision.json	7474	.json
assets/meshes/decorators/balcony_door_gothic_rank3_collision_outline.json	2753	.json
assets/meshes/decorators/balcony_door_gothic_rank3_hat.json	289670	.json
assets/meshes/decorators/balcony_door_gothic_rank3_interaction.json	7376	.json
assets/meshes/decorators/balcony_door_gothic_rank3_outline.json	1395	.json
assets/meshes/decorators/balcony_door_rank1.json	227474	.json
assets/meshes/decorators/balcony_door_rank1_collision.json	759	.json
assets/meshes/decorators/balcony_door_rank1_interaction.json	751	.json
assets/meshes/decorators/balcony_door_rank1_rails.json	98729	.json
assets/meshes/decorators/balcony_door_rank2.json	282441	.json
assets/meshes/decorators/balcony_door_rank2_collision.json	759	.json
assets/meshes/decorators/balcony_door_rank2_interaction.json	639	.json
assets/meshes/decorators/balcony_door_rank2_rails.json	104072	.json
assets/meshes/decorators/balcony_door_rank3.json	392618	.json
assets/meshes/decorators/balcony_door_rank3_collision.json	751	.json
assets/meshes/decorators/balcony_door_rank3_interaction.json	751	.json
assets/meshes/decorators/balcony_door_rank3_rails.json	109256	.json
assets/meshes/decorators/balcony_door_single.json	228221	.json
assets/meshes/decorators/chimney_collision.json	2249	.json
assets/meshes/decorators/chimney_collision_outline.json	734	.json
assets/meshes/decorators/chimney_collision_outline_roof.json	733	.json
assets/meshes/decorators/chimney_collision_outline_vent_pipe.json	817	.json
assets/meshes/decorators/chimney_roof.json	87132	.json
assets/meshes/decorators/chimney_side.json	116164	.json
assets/meshes/decorators/door.json	4715	.json
assets/meshes/decorators/flag_corner_beam.json	4267	.json
assets/meshes/decorators/flag_corner_beam_no_connection.json	17317	.json
assets/meshes/decorators/flag_corner_collision.json	1118	.json
assets/meshes/decorators/flag_corner_collision_outline.json	1481	.json
assets/meshes/decorators/flag_line.json	2082	.json
assets/meshes/decorators/flag_roof_beam.json	10291	.json
assets/meshes/decorators/flag_roof_cloth.json	30089	.json
assets/meshes/decorators/flag_roof_collision.json	767	.json
assets/meshes/decorators/flag_roof_collision_outline.json	1042	.json
assets/meshes/decorators/flag_roof_interaction.json	1270	.json
assets/meshes/decorators/flag_terrain_collision.json	1422	.json
assets/meshes/decorators/flag_terrain_interaction.json	2074	.json
assets/meshes/decorators/flag_terrain_support.json	258595	.json
assets/meshes/decorators/flag_wall.json	8163	.json
assets/meshes/decorators/flag_wall_beam.json	8922	.json
assets/meshes/decorators/flag_wall_beam_no_connection.json	21949	.json
assets/meshes/decorators/flag_wall_collision.json	519	.json
assets/meshes/decorators/flag_wall_collision_outline.json	477	.json
assets/meshes/decorators/flag_wall_interaction.json	399	.json
assets/meshes/decorators/gothic_balcony_door_rank1_rails.json	98684	.json
assets/meshes/decorators/gothic_balcony_door_rank2_rails.json	104210	.json
assets/meshes/decorators/gothic_balcony_door_rank3_rails.json	114091	.json
assets/meshes/decorators/lantern_collision.json	4209	.json
assets/meshes/decorators/lantern_flat_roof.json	374693	.json
assets/meshes/decorators/lantern_flat_roof_collision.json	687	.json
assets/meshes/decorators/lantern_flat_roof_collision_outline.json	693	.json
assets/meshes/decorators/lantern_flat_roof_inside.json	12273	.json
assets/meshes/decorators/lantern_terrain.json	277590	.json
assets/meshes/decorators/lantern_terrain_collision.json	4931	.json
assets/meshes/decorators/lantern_terrain_inside.json	12196	.json
assets/meshes/decorators/lantern_terrain_interaction.json	7405	.json
assets/meshes/decorators/lantern_terrain_outline.json	349672	.json
assets/meshes/decorators/lantern_terrain_rotate_collision.json	2135	.json
assets/meshes/decorators/lantern_terrain_support.json	257752	.json
assets/meshes/decorators/lantern_wall.json	508888	.json
assets/meshes/decorators/lantern_wall_collision.json	1406	.json
assets/meshes/decorators/lantern_wall_collision_outline.json	427	.json
assets/meshes/decorators/lantern_wall_inside.json	14507	.json
assets/meshes/decorators/lantern_wall_interaction.json	755	.json
assets/meshes/decorators/outline_balcony_door_rank1.json	1512	.json
assets/meshes/decorators/outline_balcony_door_rank2.json	1288	.json
assets/meshes/decorators/outline_balcony_door_rank3.json	1639	.json
assets/meshes/decorators/outline_cottage_window_1.json	345	.json
assets/meshes/decorators/outline_cottage_window_2.json	341	.json
assets/meshes/decorators/outline_cottage_window_3.json	341	.json
assets/meshes/decorators/outline_gothic_window_1.json	816	.json
assets/meshes/decorators/outline_gothic_window_2.json	1326	.json
assets/meshes/decorators/outline_gothic_window_3.json	1606	.json
assets/meshes/decorators/outline_window_cottage_1x1_full_dormer.json	287	.json
assets/meshes/decorators/outline_window_cottage_2x1_full_dormer.json	347	.json
assets/meshes/decorators/outline_window_cottage_3x1_full_dormer.json	343	.json
assets/meshes/decorators/outline_window_cottage_corner_1x1.json	353	.json
assets/meshes/decorators/outline_window_cottage_corner_2x1.json	491	.json
assets/meshes/decorators/outline_window_cottage_corner_3x1.json	738	.json
assets/meshes/decorators/setdressing_cloth.json	6532	.json
assets/meshes/decorators/setdressing_clothline_beam.json	6742	.json
assets/meshes/decorators/setdressing_clothline_cloth.json	16072	.json
assets/meshes/decorators/setdressing_clothline_cloth_2.json	21872	.json
assets/meshes/decorators/setdressing_clothline_thread.json	5369	.json
assets/meshes/decorators/setdressing_flower_bed.json	94979	.json
assets/meshes/decorators/setdressing_flower_pot.json	68741	.json
assets/meshes/decorators/setdressing_flower_pot_2.json	44339	.json
assets/meshes/decorators/setdressing_flower_pot_hanging_1.json	63125	.json
assets/meshes/decorators/setdressing_flower_pot_hanging_2.json	155180	.json
assets/meshes/decorators/setdressing_flower_pot_purple.json	68849	.json
assets/meshes/decorators/setdressing_flower_pot_red.json	68993	.json
assets/meshes/decorators/setdressing_window_lintel.json	69192	.json
assets/meshes/decorators/setdressing_window_sill.json	8317	.json
assets/meshes/decorators/trap_door_cottage.json	274143	.json
assets/meshes/decorators/trap_door_cottage_collision.json	747	.json
assets/meshes/decorators/trap_door_cottage_collision_outline.json	1029	.json
assets/meshes/decorators/trap_door_cottage_outline.json	345	.json
assets/meshes/decorators/trap_door_gothic.json	280216	.json
assets/meshes/decorators/vent_pipe.json	117145	.json
assets/meshes/decorators/vent_pipe_collision.json	1384	.json
assets/meshes/decorators/window_cottage_1x1.json	21649	.json
assets/meshes/decorators/window_cottage_1x1_collision.json	767	.json
assets/meshes/decorators/window_cottage_1x1_collision_outline.json	967	.json
assets/meshes/decorators/window_cottage_1x1_corner.json	317303	.json
assets/meshes/decorators/window_cottage_1x1_dormer.json	23235	.json
assets/meshes/decorators/window_cottage_1x1_dormer_frame.json	20417	.json
assets/meshes/decorators/window_cottage_1x1_dormer_glass.json	184238	.json
assets/meshes/decorators/window_cottage_1x1_flowerbed_locations.json	256	.json
assets/meshes/decorators/window_cottage_1x1_full_dormer.json	191250	.json
assets/meshes/decorators/window_cottage_1x1_full_dormer_collision_outline.json	454	.json
assets/meshes/decorators/window_cottage_1x1_full_dormer_corner.json	188466	.json
assets/meshes/decorators/window_cottage_1x1_glass.json	226075	.json
assets/meshes/decorators/window_cottage_1x1_glass_broken_0.json	273563	.json
assets/meshes/decorators/window_cottage_1x1_glass_broken_1.json	426745	.json
assets/meshes/decorators/window_cottage_1x1_glass_broken_2.json	229664	.json
assets/meshes/decorators/window_cottage_1x1_halfdormer_collision.json	759	.json
assets/meshes/decorators/window_cottage_1x1_halfdormer_frame.json	93508	.json
assets/meshes/decorators/window_cottage_1x1_interaction.json	759	.json
assets/meshes/decorators/window_cottage_2x1.json	42823	.json
assets/meshes/decorators/window_cottage_2x1_collision.json	755	.json
assets/meshes/decorators/window_cottage_2x1_collision_outline.json	1146	.json
assets/meshes/decorators/window_cottage_2x1_flowerbed_locations.json	355	.json
assets/meshes/decorators/window_cottage_2x1_full_dormer.json	382205	.json
assets/meshes/decorators/window_cottage_2x1_full_dormer_collision_outline.json	782	.json
assets/meshes/decorators/window_cottage_2x1_glass.json	451950	.json
assets/meshes/decorators/window_cottage_2x1_halfdormer_collision.json	759	.json
assets/meshes/decorators/window_cottage_2x1_halfdormer_frame.json	93369	.json
assets/meshes/decorators/window_cottage_2x1_interaction.json	747	.json
assets/meshes/decorators/window_cottage_3x1.json	81149	.json
assets/meshes/decorators/window_cottage_3x1_collision.json	755	.json
assets/meshes/decorators/window_cottage_3x1_collision_outline.json	1465	.json
assets/meshes/decorators/window_cottage_3x1_flowerbed_locations.json	460	.json
assets/meshes/decorators/window_cottage_3x1_full_dormer.json	572130	.json
assets/meshes/decorators/window_cottage_3x1_full_dormer_collision_outline.json	924	.json
assets/meshes/decorators/window_cottage_3x1_glass.json	673802	.json
assets/meshes/decorators/window_cottage_3x1_halfdormer_collision.json	759	.json
assets/meshes/decorators/window_cottage_3x1_halfdormer_frame.json	94011	.json
assets/meshes/decorators/window_cottage_3x1_interaction.json	751	.json
assets/meshes/decorators/window_cottage_4x1_halfdormer_collision.json	763	.json
assets/meshes/decorators/window_cottage_corner_1x1.json	76499	.json
assets/meshes/decorators/window_cottage_corner_1x1_collision.json	494	.json
assets/meshes/decorators/window_cottage_corner_1x1_flowerbed_locations.json	273	.json
assets/meshes/decorators/window_cottage_corner_1x1_glass.json	224504	.json
assets/meshes/decorators/window_cottage_corner_1x1_interaction.json	747	.json
assets/meshes/decorators/window_cottage_corner_1x1_sill.json	23641	.json
assets/meshes/decorators/window_cottage_corner_2x1.json	52265	.json
assets/meshes/decorators/window_cottage_corner_2x1_collision.json	966	.json
assets/meshes/decorators/window_cottage_corner_2x1_flowerbed_locations.json	431	.json
assets/meshes/decorators/window_cottage_corner_2x1_glass.json	449253	.json
assets/meshes/decorators/window_cottage_corner_2x1_interaction.json	747	.json
assets/meshes/decorators/window_cottage_corner_3x1.json	73379	.json
assets/meshes/decorators/window_cottage_corner_3x1_collision.json	966	.json
assets/meshes/decorators/window_cottage_corner_3x1_flowerbed_locations.json	492	.json
assets/meshes/decorators/window_cottage_corner_3x1_glass.json	673535	.json
assets/meshes/decorators/window_cottage_corner_3x1_interaction.json	743	.json
assets/meshes/decorators/window_gothic_1x1.json	143634	.json
assets/meshes/decorators/window_gothic_1x1_collision.json	6282	.json
assets/meshes/decorators/window_gothic_1x1_collision_outline.json	1970	.json
assets/meshes/decorators/window_gothic_1x1_dormer.json	155073	.json
assets/meshes/decorators/window_gothic_1x1_dormer_collision.json	6312	.json
assets/meshes/decorators/window_gothic_1x1_dormer_collision_outline.json	1167	.json
assets/meshes/decorators/window_gothic_1x1_dormer_glass.json	5445	.json
assets/meshes/decorators/window_gothic_1x1_dormer_interaction.json	6948	.json
assets/meshes/decorators/window_gothic_1x1_dormer_outline.json	1250	.json
assets/meshes/decorators/window_gothic_1x1_glass.json	3746	.json
assets/meshes/decorators/window_gothic_1x1_hat.json	255260	.json
assets/meshes/decorators/window_gothic_1x1_hat_full.json	244238	.json
assets/meshes/decorators/window_gothic_1x1_interaction.json	6196	.json
assets/meshes/decorators/window_gothic_1x1_outline.json	995	.json
assets/meshes/decorators/window_gothic_2x1.json	273755	.json
assets/meshes/decorators/window_gothic_2x1_collision.json	6877	.json
assets/meshes/decorators/window_gothic_2x1_collision_outline.json	2381	.json
assets/meshes/decorators/window_gothic_2x1_dormer.json	278843	.json
assets/meshes/decorators/window_gothic_2x1_dormer_collision.json	7259	.json
assets/meshes/decorators/window_gothic_2x1_dormer_collision_outline.json	1374	.json
assets/meshes/decorators/window_gothic_2x1_dormer_glass.json	5795	.json
assets/meshes/decorators/window_gothic_2x1_dormer_interaction.json	8007	.json
assets/meshes/decorators/window_gothic_2x1_dormer_outline.json	1555	.json
assets/meshes/decorators/window_gothic_2x1_glass.json	6059	.json
assets/meshes/decorators/window_gothic_2x1_hat.json	189714	.json
assets/meshes/decorators/window_gothic_2x1_hat_full.json	196717	.json
assets/meshes/decorators/window_gothic_2x1_interaction.json	6787	.json
assets/meshes/decorators/window_gothic_2x1_outline.json	1403	.json
assets/meshes/decorators/window_gothic_3x1.json	575762	.json
assets/meshes/decorators/window_gothic_3x1_collision.json	6848	.json
assets/meshes/decorators/window_gothic_3x1_collision_outline.json	2433	.json
assets/meshes/decorators/window_gothic_3x1_dormer.json	550357	.json
assets/meshes/decorators/window_gothic_3x1_dormer_collision.json	6809	.json
assets/meshes/decorators/window_gothic_3x1_dormer_collision_outline.json	1516	.json
assets/meshes/decorators/window_gothic_3x1_dormer_glass.json	7644	.json
assets/meshes/decorators/window_gothic_3x1_dormer_interaction.json	6766	.json
assets/meshes/decorators/window_gothic_3x1_dormer_outline.json	1985	.json
assets/meshes/decorators/window_gothic_3x1_glass.json	6016	.json
assets/meshes/decorators/window_gothic_3x1_hat.json	201352	.json
assets/meshes/decorators/window_gothic_3x1_hat_full.json	264662	.json
assets/meshes/decorators/window_gothic_3x1_interaction.json	6758	.json
assets/meshes/decorators/window_gothic_3x1_outline.json	1401	.json
assets/meshes/distant_billboard.json	10149	.json
assets/meshes/duck_flying.json	310212	.json
assets/meshes/duck_heart.json	1616	.json
assets/meshes/fallen_leaves.json	3634	.json
assets/meshes/fallen_petals.json	5195	.json
assets/meshes/fallen_tree.json	4505307	.json
assets/meshes/far_distance_tree.json	32962	.json
assets/meshes/fish.json	6022	.json
assets/meshes/flat_arrow.json	4116	.json
assets/meshes/flat_arrow_outline.json	2683	.json
assets/meshes/floatie.json	114243	.json
assets/meshes/flowery_lavender.json	144600	.json
assets/meshes/forest_terrain.json	392307	.json
assets/meshes/garden_flower_01_lavender.json	57856	.json
assets/meshes/garden_flower_02.json	29899	.json
assets/meshes/garden_stone.json	17528	.json
assets/meshes/hand.json	47515	.json
assets/meshes/ice_cracks.json	30680447	.json
assets/meshes/ivy_branch.json	648	.json
assets/meshes/ivy_flower.json	5642	.json
assets/meshes/ivy_leaf.json	1782	.json
assets/meshes/lavender.json	39412	.json
assets/meshes/lilypad.json	2377	.json
assets/meshes/lilypad_flower.json	14329	.json
assets/meshes/logo_branches.json	2184	.json
assets/meshes/lowpoly_flower.json	1301	.json
assets/meshes/meadow_lowpoly_flowers.json	23829463	.json
assets/meshes/mid_distance_tree_v1.json	510295	.json
assets/meshes/mid_distance_tree_v1_particle_spawner.json	752	.json
assets/meshes/mid_distance_tree_v1_particles.json	749	.json
assets/meshes/mid_distance_tree_v1_trunk.json	71958	.json
assets/meshes/mid_distance_tree_v2.json	533345	.json
assets/meshes/mid_distance_tree_v2_particle_spawner.json	756	.json
assets/meshes/mid_distance_tree_v2_particles.json	748	.json
assets/meshes/mid_distance_tree_v2_trunk.json	72054	.json
assets/meshes/mid_tree_v3.json	108716	.json
assets/meshes/mid_tree_v3_trunk.json	78424	.json
assets/meshes/mid_tree_v4.json	200229	.json
assets/meshes/mid_tree_v4_trunk.json	368042	.json
assets/meshes/mid_tree_v5.json	276484	.json
assets/meshes/mid_tree_v5_trunk.json	930330	.json
assets/meshes/move_shape.json	16053	.json
assets/meshes/move_shape_outline.json	44094	.json
assets/meshes/naked_tree_1.json	1893290	.json
assets/meshes/naked_tree_1_no_mushrooms.json	1841790	.json
assets/meshes/naked_tree_2.json	1327429	.json
assets/meshes/naked_tree_2_lowpoly.json	227969	.json
assets/meshes/naked_tree_2_no_mushrooms.json	1278781	.json
assets/meshes/olden_glade_rock.json	77518	.json
assets/meshes/olden_tree.json	4408417	.json
assets/meshes/olden_tree_large.json	5632819	.json
assets/meshes/particle_plane.json	457	.json
assets/meshes/path_pebble.json	4211	.json
assets/meshes/plant_leafy.json	40225	.json
assets/meshes/plant_thistle.json	70765	.json
assets/meshes/rain_particles.json	49276	.json
assets/meshes/reed.json	13376	.json
assets/meshes/reed_autumn.json	13376	.json
assets/meshes/roof_button.json	13502	.json
assets/meshes/roof_delete_scribble.json	48006	.json
assets/meshes/roof_spire.json	115295	.json
assets/meshes/roof_support_beam.json	9339	.json
assets/meshes/roof_tile.json	1430	.json
assets/meshes/roof_tile_backface.json	1488	.json
assets/meshes/roof_tile_lod1.json	1575	.json
assets/meshes/scissors.json	18748	.json
assets/meshes/sewage_gate_bar.json	93086	.json
assets/meshes/sheep_animation/1.json	178208	.json
assets/meshes/sheep_animation/10.json	178259	.json
assets/meshes/sheep_animation/11.json	178059	.json
assets/meshes/sheep_animation/12.json	178152	.json
assets/meshes/sheep_animation/13.json	178065	.json
assets/meshes/sheep_animation/14.json	178085	.json
assets/meshes/sheep_animation/15.json	178156	.json
assets/meshes/sheep_animation/16.json	177985	.json
assets/meshes/sheep_animation/17.json	178044	.json
assets/meshes/sheep_animation/18.json	178143	.json
assets/meshes/sheep_animation/19.json	178138	.json
assets/meshes/sheep_animation/2.json	178138	.json
assets/meshes/sheep_animation/20.json	178107	.json
assets/meshes/sheep_animation/21.json	178188	.json
assets/meshes/sheep_animation/22.json	178314	.json
assets/meshes/sheep_animation/23.json	178164	.json
assets/meshes/sheep_animation/24.json	178287	.json
assets/meshes/sheep_animation/25.json	178324	.json
assets/meshes/sheep_animation/26.json	178296	.json
assets/meshes/sheep_animation/27.json	178115	.json
assets/meshes/sheep_animation/28.json	178208	.json
assets/meshes/sheep_animation/29.json	178159	.json
assets/meshes/sheep_animation/3.json	178016	.json
assets/meshes/sheep_animation/30.json	178161	.json
assets/meshes/sheep_animation/4.json	178177	.json
assets/meshes/sheep_animation/5.json	178098	.json
assets/meshes/sheep_animation/6.json	178190	.json
assets/meshes/sheep_animation/7.json	178067	.json
assets/meshes/sheep_animation/8.json	178260	.json
assets/meshes/sheep_animation/9.json	178134	.json
assets/meshes/sheep_animation/delighted.json	178302	.json
assets/meshes/sheep_heart.json	2096	.json
assets/meshes/skydome.json	63820	.json
assets/meshes/small_bird.json	147521	.json
assets/meshes/sparkle.json	8794	.json
assets/meshes/splash.json	58298	.json
assets/meshes/stair_step.json	90009	.json
assets/meshes/stairs_pebble.json	13956	.json
assets/meshes/stairs_step.json	42760	.json
assets/meshes/terrain.json	212671	.json
assets/meshes/terrain_rocks.json	2636982	.json
assets/meshes/terrain_rt/chunk_0.json	1145	.json
assets/meshes/terrain_rt/chunk_1.json	2964	.json
assets/meshes/terrain_rt/chunk_10.json	2599	.json
assets/meshes/terrain_rt/chunk_11.json	3156	.json
assets/meshes/terrain_rt/chunk_12.json	3724	.json
assets/meshes/terrain_rt/chunk_13.json	2417	.json
assets/meshes/terrain_rt/chunk_14.json	3355	.json
assets/meshes/terrain_rt/chunk_15.json	3123	.json
assets/meshes/terrain_rt/chunk_16.json	2775	.json
assets/meshes/terrain_rt/chunk_17.json	2766	.json
assets/meshes/terrain_rt/chunk_18.json	3109	.json
assets/meshes/terrain_rt/chunk_19.json	2765	.json
assets/meshes/terrain_rt/chunk_2.json	2584	.json
assets/meshes/terrain_rt/chunk_20.json	2963	.json
assets/meshes/terrain_rt/chunk_21.json	2386	.json
assets/meshes/terrain_rt/chunk_22.json	961	.json
assets/meshes/terrain_rt/chunk_23.json	3134	.json
assets/meshes/terrain_rt/chunk_24.json	2735	.json
assets/meshes/terrain_rt/chunk_25.json	3494	.json
assets/meshes/terrain_rt/chunk_26.json	3271	.json
assets/meshes/terrain_rt/chunk_27.json	958	.json
assets/meshes/terrain_rt/chunk_28.json	781	.json
assets/meshes/terrain_rt/chunk_29.json	2914	.json
assets/meshes/terrain_rt/chunk_3.json	1135	.json
assets/meshes/terrain_rt/chunk_30.json	2910	.json
assets/meshes/terrain_rt/chunk_31.json	945	.json
assets/meshes/terrain_rt/chunk_4.json	1149	.json
assets/meshes/terrain_rt/chunk_5.json	4270	.json
assets/meshes/terrain_rt/chunk_6.json	3554	.json
assets/meshes/terrain_rt/chunk_7.json	3701	.json
assets/meshes/terrain_rt/chunk_8.json	4057	.json
assets/meshes/terrain_rt/chunk_9.json	1482	.json
assets/meshes/tiny_glade_logo.json	335	.json
assets/meshes/tree_billboard.json	10981	.json
assets/meshes/tree_log.json	1361638	.json
assets/meshes/tree_stump.json	1125300	.json
assets/meshes/umbrella.json	54266	.json
assets/meshes/water_grass_winter.json	16773	.json
assets/meshes/water_plane.json	395	.json
assets/meshes/water_stones.json	60315864	.json
assets/meshes/window_cottage_1x1.json	735023	.json
assets/meshes/wooden_gate/door_handle_circle.json	18546	.json
assets/meshes/wooden_gate/ladder.json	32178	.json
assets/meshes/wooden_plank.json	151460	.json
assets/meshes/wooden_plank_lod1.json	2395	.json
assets/meshes/wooden_plank_straight.json	34445	.json
assets/nani_meshes.ron	14477	.ron
assets/prefabs/clearing/background_tree.ron	193	.ron
assets/prefabs/clearing/naked_tree/default.ron	129	.ron
assets/prefabs/clearing/naked_tree/large.ron	133	.ron
assets/prefabs/clearing/naked_tree/naked1.ron	129	.ron
assets/prefabs/clearing/naked_tree/naked1_no_mushrooms.ron	142	.ron
assets/prefabs/clearing/naked_tree/naked2.ron	129	.ron
assets/prefabs/clearing/naked_tree/naked2_lowpoly.ron	137	.ron
assets/prefabs/clearing/naked_tree/naked2_no_mushrooms.ron	142	.ron
assets/prefabs/clearing/tree/autumn/branchy1.ron	241	.ron
assets/prefabs/clearing/tree/autumn/branchy2.ron	241	.ron
assets/prefabs/clearing/tree/autumn/bush.ron	219	.ron
assets/prefabs/clearing/tree/autumn/default.ron	1012	.ron
assets/prefabs/clearing/tree/autumn/far.ron	245	.ron
assets/prefabs/clearing/tree/autumn/mid1.ron	257	.ron
assets/prefabs/clearing/tree/autumn/mid2.ron	257	.ron
assets/prefabs/clearing/tree/autumn/mid3.ron	239	.ron
assets/prefabs/clearing/tree/autumn/mid4.ron	239	.ron
assets/prefabs/clearing/tree/autumn/mid5.ron	239	.ron
assets/prefabs/clearing/tree/branchy1.ron	241	.ron
assets/prefabs/clearing/tree/branchy2.ron	241	.ron
assets/prefabs/clearing/tree/bush.ron	219	.ron
assets/prefabs/clearing/tree/default.ron	1012	.ron
assets/prefabs/clearing/tree/far.ron	245	.ron
assets/prefabs/clearing/tree/mid1.ron	257	.ron
assets/prefabs/clearing/tree/mid2.ron	257	.ron
assets/prefabs/clearing/tree/mid3.ron	239	.ron
assets/prefabs/clearing/tree/mid4.ron	239	.ron
assets/prefabs/clearing/tree/mid5.ron	239	.ron
assets/prefabs/clearing/tree/olden/default.ron	229	.ron
assets/starting-builds/demo/00-demo2/history.json	27739	.json
assets/starting-builds/demo/00-demo2/snapshots/11519500871291546481.snapshot	369205	.snapshot
assets/starting-builds/demo/01-demo3/history.json	10706	.json
assets/starting-builds/demo/01-demo3/snapshots/17798710246010479337.snapshot	365204	.snapshot
assets/starting-builds/demo/02-demo4/history.json	37002	.json
assets/starting-builds/demo/02-demo4/snapshots/3445180338517407321.snapshot	370404	.snapshot
assets/starting-builds/demo/intro/history.json	111753	.json
assets/starting-builds/full/01-cottage/history.json	44454	.json
assets/starting-builds/full/01-cottage/screenshot.jpg	67171	.jpg
assets/starting-builds/full/01-cottage/snapshots/5476761123159047511.snapshot	363910	.snapshot
assets/starting-builds/full/02-gate/history.json	63382	.json
assets/starting-builds/full/02-gate/screenshot.jpg	60240	.jpg
assets/starting-builds/full/02-gate/snapshots/5564549225791587159.snapshot	391351	.snapshot
assets/starting-builds/full/03-halftimber-roof/history.json	79450	.json
assets/starting-builds/full/03-halftimber-roof/screenshot.jpg	66617	.jpg
assets/starting-builds/full/03-halftimber-roof/snapshots/3327348694909461180.snapshot	360063	.snapshot
assets/starting-builds/full/04-small-bridge/history.json	50953	.json
assets/starting-builds/full/04-small-bridge/screenshot.jpg	64706	.jpg
assets/starting-builds/full/04-small-bridge/snapshots/10298284951396858695.snapshot	372738	.snapshot
assets/starting-builds/full/05-rocky-lake/history.json	128483	.json
assets/starting-builds/full/05-rocky-lake/screenshot.jpg	69372	.jpg
assets/starting-builds/full/05-rocky-lake/snapshots/17511137881858483350.snapshot	386863	.snapshot
assets/starting-builds/full/06-blue-tower/history.json	591716	.json
assets/starting-builds/full/06-blue-tower/screenshot.jpg	66460	.jpg
assets/starting-builds/full/06-blue-tower/snapshots/4186983860475463398.snapshot	375121	.snapshot
assets/starting-builds/full/07-castle-ruin/history.json	465388	.json
assets/starting-builds/full/07-castle-ruin/screenshot.jpg	63145	.jpg
assets/starting-builds/full/07-castle-ruin/snapshots/4045235744475252327.snapshot	396108	.snapshot
assets/starting-builds/full/08-water-bridge/history.json	60665	.json
assets/starting-builds/full/08-water-bridge/screenshot.jpg	70383	.jpg
assets/starting-builds/full/08-water-bridge/snapshots/17642530676616200664.snapshot	360680	.snapshot
assets/starting-builds/full/08-water-bridge/snapshots/2579987166082203451.snapshot	366748	.snapshot
assets/starting-builds/full/09-garden/history.json	39351	.json
assets/starting-builds/full/09-garden/loading_background.jpg	6483	.jpg
assets/starting-builds/full/09-garden/meta.json	40	.json
assets/starting-builds/full/09-garden/screenshot.jpg	71031	.jpg
assets/starting-builds/full/09-garden/snapshots/13765819955734695850.snapshot	362587	.snapshot
assets/starting-builds/full/09-garden/snapshots/201595239424251156.snapshot	361920	.snapshot
assets/starting-builds/full/10-circle-ruin/history.json	120696	.json
assets/starting-builds/full/10-circle-ruin/screenshot.jpg	64060	.jpg
assets/starting-builds/full/10-circle-ruin/snapshots/10434557093084424109.snapshot	406835	.snapshot
assets/starting-builds/full/11-multi-level/history.json	35760	.json
assets/starting-builds/full/11-multi-level/screenshot.jpg	67119	.jpg
assets/starting-builds/full/11-multi-level/snapshots/1268738303961453074.snapshot	361639	.snapshot
assets/starting-builds/full/12-water-tree/history.json	115292	.json
assets/starting-builds/full/12-water-tree/screenshot.jpg	59681	.jpg
assets/starting-builds/full/12-water-tree/snapshots/3980974114379955922.snapshot	370719	.snapshot
assets/starting-builds/full/13-star-roof/history.json	9361	.json
assets/starting-builds/full/13-star-roof/loading_background.jpg	6404	.jpg
assets/starting-builds/full/13-star-roof/meta.json	40	.json
assets/starting-builds/full/13-star-roof/screenshot.jpg	64684	.jpg
assets/starting-builds/full/13-star-roof/snapshots/14946389706565841843.snapshot	362999	.snapshot
assets/starting-builds/full/14-circle-houses/history.json	31018	.json
assets/starting-builds/full/14-circle-houses/screenshot.jpg	82843	.jpg
assets/starting-builds/full/14-circle-houses/snapshots/13414389392983300066.snapshot	366169	.snapshot
assets/starting-builds/full/15-lake-house/history.json	88174	.json
assets/starting-builds/full/15-lake-house/screenshot.jpg	64688	.jpg
assets/starting-builds/full/15-lake-house/snapshots/11681388290637036766.snapshot	378502	.snapshot
assets/starting-builds/full/15-lake-house/snapshots/16597920645917222749.snapshot	433699	.snapshot
assets/starting-builds/full/15-lake-house/snapshots/16742947640211348660.snapshot	435173	.snapshot
assets/starting-builds/full/15-lake-house/snapshots/2984846468061317468.snapshot	379043	.snapshot
assets/starting-builds/full/16-overgrown-ruins/history.json	239686	.json
assets/starting-builds/full/16-overgrown-ruins/screenshot.jpg	52210	.jpg
assets/starting-builds/full/16-overgrown-ruins/snapshots/8777545123793255609.snapshot	374336	.snapshot
assets/starting-builds/full/17-two-islands/history.json	657502	.json
assets/starting-builds/full/17-two-islands/screenshot.jpg	72509	.jpg
assets/starting-builds/full/17-two-islands/snapshots/8800610284093484661.snapshot	399153	.snapshot
assets/starting-builds/full/18-spooky-church/history.json	148428	.json
assets/starting-builds/full/18-spooky-church/screenshot.jpg	46417	.jpg
assets/starting-builds/full/18-spooky-church/snapshots/16386978011644581742.snapshot	370464	.snapshot
assets/starting-builds/full/19-orchard/history.json	51186	.json
assets/starting-builds/full/19-orchard/screenshot.jpg	75075	.jpg
assets/starting-builds/full/19-orchard/snapshots/11092849132660344911.snapshot	383301	.snapshot
assets/starting-builds/full/20-green-platform/history.json	32527	.json
assets/starting-builds/full/20-green-platform/screenshot.jpg	69708	.jpg
assets/starting-builds/full/20-green-platform/snapshots/13467282459269907613.snapshot	378156	.snapshot
assets/starting-builds/full/21-moon-garden/history.json	298574	.json
assets/starting-builds/full/21-moon-garden/screenshot.jpg	67958	.jpg
assets/starting-builds/full/21-moon-garden/snapshots/981341307765731760.snapshot	374436	.snapshot
assets/starting-builds/full/22-house-on-stilts/history.json	23459	.json
assets/starting-builds/full/22-house-on-stilts/screenshot.jpg	53545	.jpg
assets/starting-builds/full/22-house-on-stilts/snapshots/9010946426280765144.snapshot	364144	.snapshot
assets/starting-builds/full/23-tower-bridge/history.json	29940	.json
assets/starting-builds/full/23-tower-bridge/screenshot.jpg	73266	.jpg
assets/starting-builds/full/23-tower-bridge/snapshots/17067527184015420988.snapshot	389705	.snapshot
assets/starting-builds/full/24-mystic-ruins/history.json	1004258	.json
assets/starting-builds/full/24-mystic-ruins/screenshot.jpg	69917	.jpg
assets/starting-builds/full/24-mystic-ruins/snapshots/12638817644986895056.snapshot	378989	.snapshot
assets/starting-builds/full/25-swamp/history.json	73541	.json
assets/starting-builds/full/25-swamp/screenshot.jpg	65796	.jpg
assets/starting-builds/full/25-swamp/snapshots/6521464292551765801.snapshot	386036	.snapshot
assets/starting-builds/full/26-bath-house/history.json	54055	.json
assets/starting-builds/full/26-bath-house/screenshot.jpg	47853	.jpg
assets/starting-builds/full/26-bath-house/snapshots/1536850669530566155.snapshot	359739	.snapshot
assets/starting-builds/full/27-garden-road/history.json	69427	.json
assets/starting-builds/full/27-garden-road/screenshot.jpg	79549	.jpg
assets/starting-builds/full/27-garden-road/snapshots/447373898884646126.snapshot	364303	.snapshot
assets/starting-builds/full/28-wizard-tower/history.json	37909	.json
assets/starting-builds/full/28-wizard-tower/screenshot.jpg	69174	.jpg
assets/starting-builds/full/28-wizard-tower/snapshots/13968967360472310879.snapshot	374158	.snapshot
assets/starting-builds/full/intro/history.json	111753	.json
assets/steam-controller/controller_neptune.vdf	60644	.vdf
assets/steam-controller/controller_ps4.vdf	58700	.vdf
assets/steam-controller/steam_input_manifest.vdf	30128	.vdf
assets/tod/default.json	11136	.json
assets/ui/gfn/screenshot_msg.ron	1064	.ron
assets/ui/menu/back.ron	361	.ron
assets/ui/menu/back_w_bug_report.ron	308	.ron
assets/ui/menu/backup_load_error.ron	294	.ron
assets/ui/menu/build_id.ron	197	.ron
assets/ui/menu/corrupted_save.ron	1061	.ron
assets/ui/menu/default.ron	636	.ron
assets/ui/menu/delete_warning.ron	710	.ron
assets/ui/menu/demo-exit.ron	5174	.ron
assets/ui/menu/demo_save_warning.ron	1317	.ron
assets/ui/menu/discord.ron	717	.ron
assets/ui/menu/esc.ron	2007	.ron
assets/ui/menu/exit.ron	1832	.ron
assets/ui/menu/feedback.ron	305	.ron
assets/ui/menu/image-settings.ron	1434	.ron
assets/ui/menu/key_remapping.ron	97	.ron
assets/ui/menu/key_remapping_row.ron	417	.ron
assets/ui/menu/language.ron	119	.ron
assets/ui/menu/load_backup.ron	657	.ron
assets/ui/menu/main.ron	1314	.ron
assets/ui/menu/new_session.ron	1696	.ron
assets/ui/menu/new_session_daily_downloading.ron	491	.ron
assets/ui/menu/new_session_daily_info.ron	1170	.ron
assets/ui/menu/new_session_daily_info_xmas.ron	1175	.ron
assets/ui/menu/new_session_daily_missing.ron	497	.ron
assets/ui/menu/new_session_daily_not_in_demo.ron	417	.ron
assets/ui/menu/new_session_not_in_demo.ron	509	.ron
assets/ui/menu/new_session_separator.ron	178	.ron
assets/ui/menu/photomode.ron	704	.ron
assets/ui/menu/remap_keys.ron	445	.ron
assets/ui/menu/report_bug.ron	1954	.ron
assets/ui/menu/report_bug_smol.ron	372	.ron
assets/ui/menu/save_error.ron	1320	.ron
assets/ui/menu/save_error_resolved.ron	357	.ron
assets/ui/menu/settings-info-frame.ron	228	.ron
assets/ui/menu/settings-info.ron	151	.ron
assets/ui/menu/settings.ron	1934	.ron
assets/ui/menu/settings_see_thru.ron	67	.ron
assets/ui/menu/switch_glade.ron	482	.ron
assets/ui/menu/time_of_day.ron	687	.ron
assets/ui/menu/time_of_day_2.ron	916	.ron
assets/ui/menu/tod_time_passage_hint.ron	422	.ron
assets/ui/menu/welcome.ron	1766	.ron
assets/ui/menu/welcome_daily.ron	2943	.ron
assets/ui/menu/welcome_demo.ron	1969	.ron
assets/ui/menu/wishlist.ron	725	.ron
assets/ui/other/camera_focus.ron	84	.ron
assets/ui/other/camera_focus_pinned.ron	91	.ron
assets/ui/other/camera_ghost.ron	214	.ron
assets/ui/other/hint.ron	416	.ron
assets/ui/other/hint_one_key.ron	129	.ron
assets/ui/other/hint_row.ron	163	.ron
assets/ui/other/hint_text.ron	244	.ron
assets/ui/other/hint_text_centered.ron	273	.ron
assets/ui/other/hint_top_row.ron	163	.ron
assets/ui/other/hint_wasd.ron	727	.ron
assets/ui/steamdeck/screenshot_msg.ron	1151	.ron
assets/ui/steamdeck/welcome_1.ron	1110	.ron
assets/ui/steamdeck/welcome_2.ron	1196	.ron
assets/vulkan_allowlist_defaults.ron	213	.ron
assets/window_icon.png	6706	.png
assets-src/textures/array_roof_colors/assets.ron	53	.ron
assets-src/textures/assets.ron	1570	.ron
assets-src/textures/icon/assets.ron	87	.ron
assets-src/textures/lilypad/assets.ron	95	.ron
assets-src/textures/logo/assets.ron	179	.ron
assets-src/textures/menu/assets.ron	201	.ron
assets-src/textures/menu/tod/assets.ron	368	.ron
assets-src/textures/noise/assets.ron	117	.ron
assets-src/textures/roof/assets.ron	195	.ron
assets-src/textures/stone_floor/assets.ron	431	.ron
assets-src/textures/stone_floor_2/assets.ron	431	.ron
assets-src/textures/stone_floor_3/assets.ron	431	.ron
assets-src/textures/wood_detail/assets.ron	292	.ron
assets-src/textures/wooden_floor/assets.ron	434	.ron
assets-src/textures/wooden_floor_2/assets.ron	434	.ron
assets-src/textures/wooden_floor_3/assets.ron	434	.ron
build-info/Cargo.lock	224933	.lock
build-info/manifest.json	264376	.json
build-info/toolchain-info.json	355	.json
compiled-assets/textures/autumn_canopy.texture	349588	.texture
compiled-assets/textures/autumn_ivy_leaf_color.texture	349588	.texture
compiled-assets/textures/bark_color.texture	349588	.texture
compiled-assets/textures/bark_color_naked.texture	349588	.texture
compiled-assets/textures/bark_lines.texture	87444	.texture
compiled-assets/textures/bird_texture.texture	349588	.texture
compiled-assets/textures/black.texture	40	.texture
compiled-assets/textures/blue_noise.texture	349560	.texture
compiled-assets/textures/brick_colors.texture	1747796	.texture
compiled-assets/textures/brush/1.texture	29300	.texture
compiled-assets/textures/brush/2.texture	21908	.texture
compiled-assets/textures/bush_alpha.texture	349588	.texture
compiled-assets/textures/bush_color_autumn.texture	87444	.texture
compiled-assets/textures/bush_color_summer.texture	87444	.texture
compiled-assets/textures/bush_color_winter.texture	87444	.texture
compiled-assets/textures/butterfly_skins.texture	349588	.texture
compiled-assets/textures/camera_focus.texture	110788	.texture
compiled-assets/textures/camera_focus_pinned.texture	110788	.texture
compiled-assets/textures/canopy_alpha.texture	349220	.texture
compiled-assets/textures/canopy_flowers_color.texture	87444	.texture
compiled-assets/textures/canopy_flowers_depth.texture	43740	.texture
compiled-assets/textures/clone.texture	70212	.texture
compiled-assets/textures/cloth_ferris.texture	87444	.texture
compiled-assets/textures/cloth_normal_1.texture	87444	.texture
compiled-assets/textures/cloth_normal_2.texture	87444	.texture
compiled-assets/textures/clouds/cloud1.texture	9983428	.texture
compiled-assets/textures/clouds/cloud2.texture	7614068	.texture
compiled-assets/textures/clouds/cloud3.texture	5466212	.texture
compiled-assets/textures/clouds/cloud4.texture	15780852	.texture
compiled-assets/textures/clover.texture	87444	.texture
compiled-assets/textures/clover_alpha.texture	21908	.texture
compiled-assets/textures/clover_flower.texture	5524	.texture
compiled-assets/textures/clover_normal.texture	21908	.texture
compiled-assets/textures/color_icon/bricks_beige.texture	21908	.texture
compiled-assets/textures/color_icon/bricks_dark.texture	21908	.texture
compiled-assets/textures/color_icon/bricks_grey.texture	21908	.texture
compiled-assets/textures/color_icon/bricks_light.texture	21908	.texture
compiled-assets/textures/color_icon/bricks_yellow.texture	21908	.texture
compiled-assets/textures/color_icon/chimney_smoke_active.texture	21908	.texture
compiled-assets/textures/color_icon/chimney_smoke_inactive.texture	21908	.texture
compiled-assets/textures/color_icon/color_cursor.texture	87444	.texture
compiled-assets/textures/color_icon/flag_connection.texture	21908	.texture
compiled-assets/textures/color_icon/flag_no_connection.texture	21908	.texture
compiled-assets/textures/color_icon/flag_yellow.texture	21908	.texture
compiled-assets/textures/color_icon/flags/blue.texture	40	.texture
compiled-assets/textures/color_icon/flags/dark.texture	40	.texture
compiled-assets/textures/color_icon/flags/dark_bourbon.texture	40	.texture
compiled-assets/textures/color_icon/flags/dark_sea.texture	40	.texture
compiled-assets/textures/color_icon/flags/green.texture	40	.texture
compiled-assets/textures/color_icon/flags/light_purple.texture	40	.texture
compiled-assets/textures/color_icon/flags/pink.texture	40	.texture
compiled-assets/textures/color_icon/flags/purple.texture	40	.texture
compiled-assets/textures/color_icon/flags/red.texture	40	.texture
compiled-assets/textures/color_icon/flags/yellow.texture	40	.texture
compiled-assets/textures/color_icon/freehand_ty_constant.texture	21908	.texture
compiled-assets/textures/color_icon/freehand_ty_terrain.texture	21908	.texture
compiled-assets/textures/color_icon/halftimber.texture	21908	.texture
compiled-assets/textures/color_icon/light_1.texture	21908	.texture
compiled-assets/textures/color_icon/light_2.texture	21908	.texture
compiled-assets/textures/color_icon/light_3.texture	21908	.texture
compiled-assets/textures/color_icon/locked.texture	21908	.texture
compiled-assets/textures/color_icon/no_skirt.texture	21908	.texture
compiled-assets/textures/color_icon/no_supports.texture	21908	.texture
compiled-assets/textures/color_icon/pink.texture	21908	.texture
compiled-assets/textures/color_icon/plaster_peel_high.texture	87444	.texture
compiled-assets/textures/color_icon/plaster_peel_low.texture	87444	.texture
compiled-assets/textures/color_icon/plaster_peel_medium.texture	87444	.texture
compiled-assets/textures/color_icon/railing_1.texture	21908	.texture
compiled-assets/textures/color_icon/railing_2.texture	21908	.texture
compiled-assets/textures/color_icon/railing_3.texture	21908	.texture
compiled-assets/textures/color_icon/railing_4.texture	21908	.texture
compiled-assets/textures/color_icon/roof_blue.texture	21908	.texture
compiled-assets/textures/color_icon/roof_dark.texture	21908	.texture
compiled-assets/textures/color_icon/roof_dark_wood.texture	21908	.texture
compiled-assets/textures/color_icon/roof_green.texture	21908	.texture
compiled-assets/textures/color_icon/roof_green_light.texture	21908	.texture
compiled-assets/textures/color_icon/roof_grey.texture	21908	.texture
compiled-assets/textures/color_icon/roof_light_blue.texture	21908	.texture
compiled-assets/textures/color_icon/roof_ochre.texture	21908	.texture
compiled-assets/textures/color_icon/roof_purple.texture	21908	.texture
compiled-assets/textures/color_icon/roof_red.texture	21908	.texture
compiled-assets/textures/color_icon/roof_turquoise.texture	21908	.texture
compiled-assets/textures/color_icon/skirt.texture	21908	.texture
compiled-assets/textures/color_icon/supports.texture	21908	.texture
compiled-assets/textures/color_icon/windows/blue.texture	21908	.texture
compiled-assets/textures/color_icon/windows/dark_green.texture	21908	.texture
compiled-assets/textures/color_icon/windows/dark_wood.texture	21908	.texture
compiled-assets/textures/color_icon/windows/no_color.texture	21908	.texture
compiled-assets/textures/color_icon/windows/pink.texture	21908	.texture
compiled-assets/textures/color_icon/windows/purple.texture	21908	.texture
compiled-assets/textures/color_icon/windows/red.texture	21908	.texture
compiled-assets/textures/color_icon/windows/turquoise.texture	21908	.texture
compiled-assets/textures/color_icon/windows/white.texture	21908	.texture
compiled-assets/textures/color_icon/windows/wood.texture	21908	.texture
compiled-assets/textures/cursor_arrow.texture	21880	.texture
compiled-assets/textures/cursor_grab.texture	21880	.texture
compiled-assets/textures/decorator_cursor_icon/chimney.texture	11444	.texture
compiled-assets/textures/decorator_cursor_icon/clutter.texture	11444	.texture
compiled-assets/textures/decorator_cursor_icon/flag.texture	11444	.texture
compiled-assets/textures/decorator_cursor_icon/lantern.texture	11444	.texture
compiled-assets/textures/decorator_cursor_icon/window.texture	11444	.texture
compiled-assets/textures/default_loading_background.texture	10084	.texture
compiled-assets/textures/default_loading_background_demo.texture	10084	.texture
compiled-assets/textures/default_normal.texture	40	.texture
compiled-assets/textures/demo_goodbye/1.texture	512308	.texture
compiled-assets/textures/demo_goodbye/3.texture	512308	.texture
compiled-assets/textures/demo_goodbye/4.texture	512308	.texture
compiled-assets/textures/demo_goodbye/5.texture	512308	.texture
compiled-assets/textures/demo_overlay.texture	349588	.texture
compiled-assets/textures/dirtpath_1.texture	349588	.texture
compiled-assets/textures/dirtpath_2.texture	349588	.texture
compiled-assets/textures/dirtpath_grass.texture	349588	.texture
compiled-assets/textures/dirtpath_heightmap.texture	349588	.texture
compiled-assets/textures/distant_hills.texture	154708	.texture
compiled-assets/textures/flag_animation_normal.texture	10916	.texture
compiled-assets/textures/flag_animation_pos.texture	42664	.texture
compiled-assets/textures/flag_palettes.texture	248	.texture
compiled-assets/textures/flag_patterns.texture	1048932	.texture
compiled-assets/textures/flag_patterns_halloween.texture	1048932	.texture
compiled-assets/textures/flag_roof_border_mask.texture	87444	.texture
compiled-assets/textures/flag_small_border_mask.texture	21908	.texture
compiled-assets/textures/flag_wall_border_mask.texture	87444	.texture
compiled-assets/textures/flower1.texture	87444	.texture
compiled-assets/textures/flower1_autumn.texture	87444	.texture
compiled-assets/textures/flower2.texture	87444	.texture
compiled-assets/textures/flower3.texture	87444	.texture
compiled-assets/textures/flowery_canopy.texture	349588	.texture
compiled-assets/textures/garden_small_flowers.texture	87444	.texture
compiled-assets/textures/grass_patch_autumn.texture	349588	.texture
compiled-assets/textures/grass_patch_summer.texture	349588	.texture
compiled-assets/textures/grass_patch_winter.texture	349588	.texture
compiled-assets/textures/hammer_cursor.texture	87444	.texture
compiled-assets/textures/hint/lmb-move.texture	22804	.texture
compiled-assets/textures/hint/lmb.texture	22804	.texture
compiled-assets/textures/hint/mmb-move.texture	22804	.texture
compiled-assets/textures/hint/mmb.texture	22804	.texture
compiled-assets/textures/hint/mouse.texture	22804	.texture
compiled-assets/textures/hint/progress_1.texture	2068	.texture
compiled-assets/textures/hint/progress_2.texture	2068	.texture
compiled-assets/textures/hint/progress_3.texture	2068	.texture
compiled-assets/textures/hint/progress_4.texture	2068	.texture
compiled-assets/textures/hint/rmb-move.texture	22804	.texture
compiled-assets/textures/hint/rmb.texture	22804	.texture
compiled-assets/textures/hint/scroll.texture	22804	.texture
compiled-assets/textures/ice_roughness.texture	1398164	.texture
compiled-assets/textures/icon/add_point.texture	67636	.texture
compiled-assets/textures/icon/redo.texture	160036	.texture
compiled-assets/textures/icon/undo.texture	160036	.texture
compiled-assets/textures/icon_cross.texture	21908	.texture
compiled-assets/textures/ivy_branch_color.texture	349588	.texture
compiled-assets/textures/ivy_flower_color.texture	349588	.texture
compiled-assets/textures/leaf_alpha.texture	21908	.texture
compiled-assets/textures/leaf_particle_colors_autumn.texture	21908	.texture
compiled-assets/textures/leaf_particle_colors_flowery.texture	21908	.texture
compiled-assets/textures/lilypad/alpha.texture	87444	.texture
compiled-assets/textures/lilypad_flower.texture	87444	.texture
compiled-assets/textures/lilypad_flower_autumn.texture	87444	.texture
compiled-assets/textures/link.texture	87444	.texture
compiled-assets/textures/list.ron	8763	.ron
compiled-assets/textures/loading.texture	1297700	.texture
compiled-assets/textures/logo/animation.texture	28311564	.texture
compiled-assets/textures/logo/branch_e.texture	230116	.texture
compiled-assets/textures/logo/branch_g.texture	401652	.texture
compiled-assets/textures/logo/branch_t.texture	170580	.texture
compiled-assets/textures/logo/branch_y.texture	356804	.texture
compiled-assets/textures/logo/tiny_glade.texture	7078084	.texture
compiled-assets/textures/meadow_flowers.texture	87444	.texture
compiled-assets/textures/meadow_lavender.texture	87444	.texture
compiled-assets/textures/menu/active_lut.texture	21908	.texture
compiled-assets/textures/menu/back.texture	19412	.texture
compiled-assets/textures/menu/button/diamond.texture	2868	.texture
compiled-assets/textures/menu/button/leaf_1.texture	5524	.texture
compiled-assets/textures/menu/button/leaf_1_colored.texture	5268	.texture
compiled-assets/textures/menu/button/leaf_2.texture	6116	.texture
compiled-assets/textures/menu/button/leaf_2_colored.texture	5236	.texture
compiled-assets/textures/menu/button/outline.texture	19204	.texture
compiled-assets/textures/menu/button/select_left.texture	10180	.texture
compiled-assets/textures/menu/button/select_right.texture	8676	.texture
compiled-assets/textures/menu/button/sketch.texture	21780	.texture
compiled-assets/textures/menu/craft_paper.texture	1398164	.texture
compiled-assets/textures/menu/delete.texture	21908	.texture
compiled-assets/textures/menu/discord_logo.texture	77012	.texture
compiled-assets/textures/menu/discord_logo_2.texture	77012	.texture
compiled-assets/textures/menu/emoji/confused.texture	21908	.texture
compiled-assets/textures/menu/emoji/eyes.texture	21908	.texture
compiled-assets/textures/menu/emoji/idea.texture	21908	.texture
compiled-assets/textures/menu/exit_icon.texture	19412	.texture
compiled-assets/textures/menu/feedback/angry.texture	21908	.texture
compiled-assets/textures/menu/feedback/aww.texture	21908	.texture
compiled-assets/textures/menu/feedback/sob.texture	21908	.texture
compiled-assets/textures/menu/feedback/think.texture	21908	.texture
compiled-assets/textures/menu/fmod_logo.texture	186676	.texture
compiled-assets/textures/menu/glade_backups.texture	87444	.texture
compiled-assets/textures/menu/heart.texture	27620	.texture
compiled-assets/textures/menu/logo_w_branches.texture	10027252	.texture
compiled-assets/textures/menu/logo_w_branches_demo.texture	10642820	.texture
compiled-assets/textures/menu/new_glade_tile.texture	349588	.texture
compiled-assets/textures/menu/newsletter.texture	87444	.texture
compiled-assets/textures/menu/newsletter_2.texture	87444	.texture
compiled-assets/textures/menu/noknok_logo.texture	168948	.texture
compiled-assets/textures/menu/paper-bg.texture	5335396	.texture
compiled-assets/textures/menu/pounce_light_logo.texture	368612	.texture
compiled-assets/textures/menu/report_bug.texture	19412	.texture
compiled-assets/textures/menu/settings/blue.texture	4915956	.texture
compiled-assets/textures/menu/settings/green.texture	4915956	.texture
compiled-assets/textures/menu/settings/olden_day.texture	4915956	.texture
compiled-assets/textures/menu/settings/olden_night.texture	4915956	.texture
compiled-assets/textures/menu/settings/olden_sunrise.texture	4915956	.texture
compiled-assets/textures/menu/settings/olden_sunset.texture	4915956	.texture
compiled-assets/textures/menu/settings/orange.texture	4915956	.texture
compiled-assets/textures/menu/settings/pink.texture	4915956	.texture
compiled-assets/textures/menu/settings/winter_day.texture	4915956	.texture
compiled-assets/textures/menu/settings_icon.texture	19412	.texture
compiled-assets/textures/menu/sheep_calendar.texture	138308	.texture
compiled-assets/textures/menu/sheep_calendar_xmas.texture	138308	.texture
compiled-assets/textures/menu/steamdeck_screenshots.texture	748852	.texture
compiled-assets/textures/menu/switch_glade.texture	87444	.texture
compiled-assets/textures/menu/tod/circle_angle.texture	1612228	.texture
compiled-assets/textures/menu/tod/circle_tod.texture	1612228	.texture
compiled-assets/textures/menu/tod/inner_circle.texture	32964	.texture
compiled-assets/textures/menu/tod/locked.texture	349560	.texture
compiled-assets/textures/menu/tod/outer_ring.texture	32964	.texture
compiled-assets/textures/menu/tod/unlocked.texture	349560	.texture
compiled-assets/textures/moon.texture	274052	.texture
compiled-assets/textures/mortar.texture	349588	.texture
compiled-assets/textures/moss.texture	349588	.texture
compiled-assets/textures/mud.texture	349588	.texture
compiled-assets/textures/nani_solid_albedo.texture	3146004	.texture
compiled-assets/textures/new_glade/autumn.texture	4915956	.texture
compiled-assets/textures/new_glade/daily_autumn.texture	4915956	.texture
compiled-assets/textures/new_glade/daily_flowery.texture	4915956	.texture
compiled-assets/textures/new_glade/daily_olden.texture	4915956	.texture
compiled-assets/textures/new_glade/daily_summer.texture	4915956	.texture
compiled-assets/textures/new_glade/daily_unavailable.texture	4915956	.texture
compiled-assets/textures/new_glade/daily_winter.texture	4915956	.texture
compiled-assets/textures/new_glade/flowery.texture	4915956	.texture
compiled-assets/textures/new_glade/olden.texture	4915956	.texture
compiled-assets/textures/new_glade/summer.texture	4915956	.texture
compiled-assets/textures/new_glade/winter.texture	4915956	.texture
compiled-assets/textures/noise/blue/64_64/LDR_RGBA_0.texture	16420	.texture
compiled-assets/textures/pin.texture	70212	.texture
compiled-assets/textures/plaster_colors.texture	6777124	.texture
compiled-assets/textures/Rock_Albedo.texture	349588	.texture
compiled-assets/textures/rocky_terrain.texture	1398164	.texture
compiled-assets/textures/roof/roof_tile_damage.texture	699100	.texture
compiled-assets/textures/roof/roof_tile_normal.texture	1398164	.texture
compiled-assets/textures/roof_colors.texture	961524	.texture
compiled-assets/textures/seed_cursor_icon.texture	6772	.texture
compiled-assets/textures/star.texture	87444	.texture
compiled-assets/textures/stone_floor/icon.texture	87444	.texture
compiled-assets/textures/stone_floor/stone_floor_height.texture	699100	.texture
compiled-assets/textures/stone_floor/stone_floor_normal.texture	1398164	.texture
compiled-assets/textures/stone_floor/stone_floor_roughness.texture	699100	.texture
compiled-assets/textures/stone_floor/stone_floor_seed.texture	1398164	.texture
compiled-assets/textures/stone_floor_2/icon.texture	87444	.texture
compiled-assets/textures/stone_floor_2/stone_floor_height.texture	699100	.texture
compiled-assets/textures/stone_floor_2/stone_floor_normal.texture	1398164	.texture
compiled-assets/textures/stone_floor_2/stone_floor_roughness.texture	699100	.texture
compiled-assets/textures/stone_floor_2/stone_floor_seed.texture	1398164	.texture
compiled-assets/textures/stone_floor_3/icon.texture	87444	.texture
compiled-assets/textures/stone_floor_3/stone_floor_height.texture	699100	.texture
compiled-assets/textures/stone_floor_3/stone_floor_normal.texture	1398164	.texture
compiled-assets/textures/stone_floor_3/stone_floor_roughness.texture	699100	.texture
compiled-assets/textures/stone_floor_3/stone_floor_seed.texture	1398164	.texture
compiled-assets/textures/summer_ivy_leaf_color.texture	349588	.texture
compiled-assets/textures/terrain_autumn.texture	1398164	.texture
compiled-assets/textures/terrain_flowery.texture	1398164	.texture
compiled-assets/textures/terrain_height.texture	524324	.texture
compiled-assets/textures/terrain_summer.texture	1398164	.texture
compiled-assets/textures/terrain_winter.texture	1398164	.texture
compiled-assets/textures/thistle_flower.texture	31108	.texture
compiled-assets/textures/timberframe.texture	3495556	.texture
compiled-assets/textures/tony_mc_mapface.texture	442404	.texture
compiled-assets/textures/toolbar/arrow_slit.texture	349588	.texture
compiled-assets/textures/toolbar/building.texture	349588	.texture
compiled-assets/textures/toolbar/building_2.texture	349588	.texture
compiled-assets/textures/toolbar/chimney.texture	349588	.texture
compiled-assets/textures/toolbar/cobblestone_1.texture	349588	.texture
compiled-assets/textures/toolbar/cobblestone_2.texture	349588	.texture
compiled-assets/textures/toolbar/cobblestone_3.texture	349588	.texture
compiled-assets/textures/toolbar/cottage_window.texture	349588	.texture
compiled-assets/textures/toolbar/customization.texture	349588	.texture
compiled-assets/textures/toolbar/decorators.texture	349588	.texture
compiled-assets/textures/toolbar/decorators_lock.texture	349588	.texture
compiled-assets/textures/toolbar/decorators_lock_demo.texture	349588	.texture
compiled-assets/textures/toolbar/decorators_lock_demo_arrow_slit.texture	349588	.texture
compiled-assets/textures/toolbar/decorators_lock_demo_chimney.texture	349588	.texture
compiled-assets/textures/toolbar/decorators_lock_demo_fences.texture	349588	.texture
compiled-assets/textures/toolbar/decorators_lock_demo_flag.texture	349588	.texture
compiled-assets/textures/toolbar/decorators_lock_demo_gothic_window.texture	349588	.texture
compiled-assets/textures/toolbar/decorators_lock_demo_stairs.texture	349588	.texture
compiled-assets/textures/toolbar/decorators_lock_demo_tree.texture	349588	.texture
compiled-assets/textures/toolbar/decorators_lock_demo_water.texture	349588	.texture
compiled-assets/textures/toolbar/decorators_lock_not_in_playtest.texture	349588	.texture
compiled-assets/textures/toolbar/eraser.texture	349588	.texture
compiled-assets/textures/toolbar/eraser_path.texture	349588	.texture
compiled-assets/textures/toolbar/fence.texture	349588	.texture
compiled-assets/textures/toolbar/flag.texture	349588	.texture
compiled-assets/textures/toolbar/garden.texture	349588	.texture
compiled-assets/textures/toolbar/gothic_window.texture	349588	.texture
compiled-assets/textures/toolbar/hammer.texture	349588	.texture
compiled-assets/textures/toolbar/lantern.texture	349588	.texture
compiled-assets/textures/toolbar/path.texture	349588	.texture
compiled-assets/textures/toolbar/path_2.texture	349588	.texture
compiled-assets/textures/toolbar/path_2_large.texture	349588	.texture
compiled-assets/textures/toolbar/path_2_small.texture	349588	.texture
compiled-assets/textures/toolbar/photomode.texture	213764	.texture
compiled-assets/textures/toolbar/photomode_artistic.texture	213764	.texture
compiled-assets/textures/toolbar/photomode_artistic_demo.texture	213764	.texture
compiled-assets/textures/toolbar/photomode_back.texture	213764	.texture
compiled-assets/textures/toolbar/photomode_button_demo.texture	213764	.texture
compiled-assets/textures/toolbar/photomode_camera_free.texture	213764	.texture
compiled-assets/textures/toolbar/photomode_camera_mode.texture	213764	.texture
compiled-assets/textures/toolbar/photomode_camera_mode_demo.texture	213764	.texture
compiled-assets/textures/toolbar/photomode_camera_tiltshift.texture	213764	.texture
compiled-assets/textures/toolbar/photomode_camera_topdown.texture	213764	.texture
compiled-assets/textures/toolbar/photomode_camera_topdown_demo.texture	213764	.texture
compiled-assets/textures/toolbar/photomode_camera_walk.texture	213764	.texture
compiled-assets/textures/toolbar/photomode_camera_walk_demo.texture	213764	.texture
compiled-assets/textures/toolbar/photomode_contrast.texture	213764	.texture
compiled-assets/textures/toolbar/photomode_distortion.texture	213764	.texture
compiled-assets/textures/toolbar/photomode_dof.texture	213764	.texture
compiled-assets/textures/toolbar/photomode_dof_demo.texture	213764	.texture
compiled-assets/textures/toolbar/photomode_ev.texture	213764	.texture
compiled-assets/textures/toolbar/photomode_ev_shift.texture	213764	.texture
compiled-assets/textures/toolbar/photomode_focus.texture	213764	.texture
compiled-assets/textures/toolbar/photomode_folder.texture	213764	.texture
compiled-assets/textures/toolbar/photomode_fov.texture	213764	.texture
compiled-assets/textures/toolbar/photomode_lightonly.texture	213764	.texture
compiled-assets/textures/toolbar/photomode_luts.texture	213764	.texture
compiled-assets/textures/toolbar/photomode_luts_demo.texture	213764	.texture
compiled-assets/textures/toolbar/photomode_painterly.texture	213764	.texture
compiled-assets/textures/toolbar/photomode_pin.texture	213764	.texture
compiled-assets/textures/toolbar/photomode_saturation.texture	213764	.texture
compiled-assets/textures/toolbar/photomode_take_picture.texture	213764	.texture
compiled-assets/textures/toolbar/photomode_tod.texture	213764	.texture
compiled-assets/textures/toolbar/photomode_tree_seethrough.texture	213764	.texture
compiled-assets/textures/toolbar/photomode_vignette.texture	213764	.texture
compiled-assets/textures/toolbar/reset.texture	213764	.texture
compiled-assets/textures/toolbar/reset_garden.texture	213764	.texture
compiled-assets/textures/toolbar/reset_path.texture	213764	.texture
compiled-assets/textures/toolbar/reset_water.texture	213764	.texture
compiled-assets/textures/toolbar/slider_bg.texture	640804	.texture
compiled-assets/textures/toolbar/slider_bg_eraser.texture	640804	.texture
compiled-assets/textures/toolbar/slider_bg_garden.texture	640804	.texture
compiled-assets/textures/toolbar/slider_bg_path.texture	640804	.texture
compiled-assets/textures/toolbar/slider_bg_water.texture	640804	.texture
compiled-assets/textures/toolbar/slider_widget.texture	5012	.texture
compiled-assets/textures/toolbar/stairs.texture	349588	.texture
compiled-assets/textures/toolbar/terrain.texture	349588	.texture
compiled-assets/textures/toolbar/time_of_day.texture	213764	.texture
compiled-assets/textures/toolbar/timelapse.texture	213764	.texture
compiled-assets/textures/toolbar/tower.texture	349588	.texture
compiled-assets/textures/toolbar/tree.texture	349588	.texture
compiled-assets/textures/toolbar/wall.texture	349588	.texture
compiled-assets/textures/toolbar/water.texture	213764	.texture
compiled-assets/textures/tree_bark_1.texture	349588	.texture
compiled-assets/textures/tree_bark_2.texture	349588	.texture
compiled-assets/textures/tree_log.texture	349588	.texture
compiled-assets/textures/tree_stump.texture	349588	.texture
compiled-assets/textures/white.texture	40	.texture
compiled-assets/textures/window_0.texture	87444	.texture
compiled-assets/textures/window_colors.texture	786708	.texture
compiled-assets/textures/window_glass.texture	87444	.texture
compiled-assets/textures/window_sill_normal.texture	21908	.texture
compiled-assets/textures/winter_canopy.texture	349588	.texture
compiled-assets/textures/winter_ivy_leaf_color.texture	349588	.texture
compiled-assets/textures/wip_roof_flag_color.texture	87444	.texture
compiled-assets/textures/wood_detail/edge_damage.texture	174812	.texture
compiled-assets/textures/wood_detail/normal.texture	1398164	.texture
compiled-assets/textures/wood_detail/roughness.texture	699100	.texture
compiled-assets/textures/wooden_floor/icon.texture	87444	.texture
compiled-assets/textures/wooden_floor/wooden_floor_height.texture	699100	.texture
compiled-assets/textures/wooden_floor/wooden_floor_normal.texture	1398164	.texture
compiled-assets/textures/wooden_floor/wooden_floor_roughness.texture	699100	.texture
compiled-assets/textures/wooden_floor/wooden_floor_seed.texture	1398164	.texture
compiled-assets/textures/wooden_floor_2/icon.texture	87444	.texture
compiled-assets/textures/wooden_floor_2/wooden_floor_height.texture	699100	.texture
compiled-assets/textures/wooden_floor_2/wooden_floor_normal.texture	1398164	.texture
compiled-assets/textures/wooden_floor_2/wooden_floor_roughness.texture	699100	.texture
compiled-assets/textures/wooden_floor_2/wooden_floor_seed.texture	1398164	.texture
compiled-assets/textures/wooden_floor_3/icon.texture	87444	.texture
compiled-assets/textures/wooden_floor_3/wooden_floor_height.texture	699100	.texture
compiled-assets/textures/wooden_floor_3/wooden_floor_normal.texture	1398164	.texture
compiled-assets/textures/wooden_floor_3/wooden_floor_roughness.texture	699100	.texture
compiled-assets/textures/wooden_floor_3/wooden_floor_seed.texture	1398164	.texture
compiled-assets/textures/wooden_gate_normal.texture	87444	.texture
compiled-assets/textures/wooden_gate_seed.texture	87444	.texture
compiled-assets/textures/wooden_plank.texture	349588	.texture
compiled-shaders/_apply_screen_shadows.cs.hlsl_cs_main_0.bin	29564	.bin
compiled-shaders/_apply_volumetrics.cs.hlsl_cs_main_0.bin	27859	.bin
compiled-shaders/_billboard_forest.raster.hlsl_b903e43ffb3da915.bin	49954	.bin
compiled-shaders/_billboard_forest.raster.hlsl_f0adff76827e73ff.bin	37556	.bin
compiled-shaders/_billboard_plant.raster.hlsl_b903e43ffb3da915.bin	37845	.bin
compiled-shaders/_billboard_plant.raster.hlsl_f0adff76827e73ff.bin	34075	.bin
compiled-shaders/_blit_blit_stretch_decode_srgb.raster.hlsl_b903e43ffb3da915.bin	8368	.bin
compiled-shaders/_blit_blit_stretch_decode_srgb.raster.hlsl_f0adff76827e73ff.bin	6248	.bin
compiled-shaders/_blit_resolve_msaa_to_swapchain.raster.hlsl_b903e43ffb3da915.bin	13818	.bin
compiled-shaders/_blit_resolve_msaa_to_swapchain.raster.hlsl_f0adff76827e73ff.bin	9529	.bin
compiled-shaders/_blit_resolve_to_swapchain.raster.hlsl_b903e43ffb3da915.bin	12465	.bin
compiled-shaders/_blit_resolve_to_swapchain.raster.hlsl_f0adff76827e73ff.bin	9508	.bin
compiled-shaders/_blur.cs.hlsl_cs_main_0.bin	5641	.bin
compiled-shaders/_blur_downsample.cs.hlsl_cs_main_0.bin	6669	.bin
compiled-shaders/_blur_downsample.cs.hlsl_cs_main_multisampled_0.bin	6736	.bin
compiled-shaders/_blur_pyramid_blur.cs.hlsl_cs_main_0.bin	7725	.bin
compiled-shaders/_blur_pyramid_rev_blur.cs.hlsl_cs_main_0.bin	5657	.bin
compiled-shaders/_calculate_reprojection_map.cs.hlsl_cs_main_0.bin	19004	.bin
compiled-shaders/_capture_panic_screenshot.cs.hlsl_cs_main_0.bin	10903	.bin
compiled-shaders/_clearing_distant_billboard.raster.hlsl_b903e43ffb3da915.bin	25568	.bin
compiled-shaders/_clearing_distant_billboard.raster.hlsl_f0adff76827e73ff.bin	24208	.bin
compiled-shaders/_clearing_instanced_background_tree.raster.hlsl_b903e43ffb3da915.bin	33087	.bin
compiled-shaders/_clearing_instanced_background_tree.raster.hlsl_f0adff76827e73ff.bin	27323	.bin
compiled-shaders/_clearing_meadow_flower.raster.hlsl_b903e43ffb3da915.bin	52782	.bin
compiled-shaders/_clearing_meadow_flower.raster.hlsl_f0adff76827e73ff.bin	49250	.bin
compiled-shaders/_clearing_meadow_plant.raster.hlsl_b903e43ffb3da915.bin	63900	.bin
compiled-shaders/_clearing_meadow_plant.raster.hlsl_f0adff76827e73ff.bin	57074	.bin
compiled-shaders/_clearing_tree_canopy.raster.hlsl_b903e43ffb3da915.bin	82216	.bin
compiled-shaders/_clearing_tree_canopy.raster.hlsl_f0adff76827e73ff.bin	47594	.bin
compiled-shaders/_clearing_tree_trunk.raster.hlsl_b903e43ffb3da915.bin	65452	.bin
compiled-shaders/_clearing_tree_trunk.raster.hlsl_f0adff76827e73ff.bin	37370	.bin
compiled-shaders/_cloud.raster.hlsl_b903e43ffb3da915.bin	41662	.bin
compiled-shaders/_cloud.raster.hlsl_f0adff76827e73ff.bin	30302	.bin
compiled-shaders/_copy_depth_to_r.cs.hlsl_cs_main_0.bin	3145	.bin
compiled-shaders/_critters_butterfly.raster.hlsl_b903e43ffb3da915.bin	40040	.bin
compiled-shaders/_critters_butterfly.raster.hlsl_f0adff76827e73ff.bin	35500	.bin
compiled-shaders/_critters_duck_animated.raster.hlsl_b903e43ffb3da915.bin	34224	.bin
compiled-shaders/_critters_duck_animated.raster.hlsl_f0adff76827e73ff.bin	31752	.bin
compiled-shaders/_critters_firefly.raster.hlsl_b903e43ffb3da915.bin	27438	.bin
compiled-shaders/_critters_firefly.raster.hlsl_f0adff76827e73ff.bin	23074	.bin
compiled-shaders/_critters_firefly_glow.raster.hlsl_b903e43ffb3da915.bin	34260	.bin
compiled-shaders/_critters_firefly_glow.raster.hlsl_f0adff76827e73ff.bin	29868	.bin
compiled-shaders/_critters_firefly_vis_query.cs.hlsl_cs_main_0.bin	13212	.bin
compiled-shaders/_critters_nani_wren.raster.hlsl_b903e43ffb3da915.bin	36924	.bin
compiled-shaders/_critters_nani_wren.raster.hlsl_f0adff76827e73ff.bin	30676	.bin
compiled-shaders/_custom_cursor.raster.hlsl_b903e43ffb3da915.bin	9548	.bin
compiled-shaders/_custom_cursor.raster.hlsl_f0adff76827e73ff.bin	8522	.bin
compiled-shaders/_dashed_line.raster.hlsl_b903e43ffb3da915.bin	13566	.bin
compiled-shaders/_dashed_line.raster.hlsl_f0adff76827e73ff.bin	13218	.bin
compiled-shaders/_deferred_canopy_light_sun_sky.raster.hlsl_b903e43ffb3da915.bin	132487	.bin
compiled-shaders/_deferred_canopy_light_sun_sky.raster.hlsl_f0adff76827e73ff.bin	59617	.bin
compiled-shaders/_deferred_grass_light_sun_sky.raster.hlsl_b903e43ffb3da915.bin	126921	.bin
compiled-shaders/_deferred_grass_light_sun_sky.raster.hlsl_f0adff76827e73ff.bin	58277	.bin
compiled-shaders/_deferred_plant_light_sun_sky.raster.hlsl_b903e43ffb3da915.bin	125917	.bin
compiled-shaders/_deferred_plant_light_sun_sky.raster.hlsl_f0adff76827e73ff.bin	57837	.bin
compiled-shaders/_deferred_solid_light_sun_sky.raster.hlsl_b903e43ffb3da915.bin	147484	.bin
compiled-shaders/_deferred_solid_light_sun_sky.raster.hlsl_f0adff76827e73ff.bin	56672	.bin
compiled-shaders/_demo_terrain_overlay.raster.hlsl_b903e43ffb3da915.bin	18493	.bin
compiled-shaders/_demo_terrain_overlay.raster.hlsl_f0adff76827e73ff.bin	17495	.bin
compiled-shaders/_dof_analyze.cs.hlsl_cs_main_0.bin	22339	.bin
compiled-shaders/_dof_autofocus.cs.hlsl_cs_main_0.bin	27349	.bin
compiled-shaders/_dof_clear_halfres.cs.hlsl_cs_main_0.bin	4305	.bin
compiled-shaders/_dof_fullres.cs.hlsl_cs_main_6f1dd5dd8a66e104.bin	45499	.bin
compiled-shaders/_dof_fullres.cs.hlsl_cs_main_72a2a95d73e37edc.bin	44527	.bin
compiled-shaders/_dof_fullres_all_lod0.cs.hlsl_cs_main_6f1dd5dd8a66e104.bin	38447	.bin
compiled-shaders/_dof_fullres_all_lod0.cs.hlsl_cs_main_72a2a95d73e37edc.bin	37443	.bin
compiled-shaders/_dof_fullres_all_lod1.cs.hlsl_cs_main_6f1dd5dd8a66e104.bin	35999	.bin
compiled-shaders/_dof_fullres_all_lod1.cs.hlsl_cs_main_72a2a95d73e37edc.bin	34995	.bin
compiled-shaders/_dof_fullres_upsample.cs.hlsl_cs_main_0.bin	9163	.bin
compiled-shaders/_dof_fused.cs.hlsl_cs_main_0.bin	41303	.bin
compiled-shaders/_dof_halfres.cs.hlsl_cs_halfres_6f1dd5dd8a66e104.bin	43525	.bin
compiled-shaders/_dof_halfres.cs.hlsl_cs_halfres_72a2a95d73e37edc.bin	42553	.bin
compiled-shaders/_dof_halfres.cs.hlsl_cs_halfres_all_6f1dd5dd8a66e104.bin	43005	.bin
compiled-shaders/_dof_halfres.cs.hlsl_cs_halfres_all_72a2a95d73e37edc.bin	42033	.bin
compiled-shaders/_dof_init_buffers.cs.hlsl_cs_main_0.bin	4646	.bin
compiled-shaders/_dof_prepare.cs.hlsl_cs_main_0.bin	15863	.bin
compiled-shaders/_egui.raster.hlsl_b903e43ffb3da915.bin	11805	.bin
compiled-shaders/_egui.raster.hlsl_f0adff76827e73ff.bin	10865	.bin
compiled-shaders/_extract_half_res_depth_normals.cs.hlsl_cs_main_0.bin	13602	.bin
compiled-shaders/_fill_buffer.cs.hlsl_cs_main_0.bin	3403	.bin
compiled-shaders/_final_post.raster.hlsl_b903e43ffb3da915.bin	95780	.bin
compiled-shaders/_final_post.raster.hlsl_f0adff76827e73ff.bin	25072	.bin
compiled-shaders/_flag_roof_cloth.raster.hlsl_b903e43ffb3da915.bin	48706	.bin
compiled-shaders/_flag_roof_cloth.raster.hlsl_f0adff76827e73ff.bin	38178	.bin
compiled-shaders/_flag_small.raster.hlsl_b903e43ffb3da915.bin	51037	.bin
compiled-shaders/_flag_small.raster.hlsl_f0adff76827e73ff.bin	41159	.bin
compiled-shaders/_flag_wall_cloth.raster.hlsl_b903e43ffb3da915.bin	56176	.bin
compiled-shaders/_flag_wall_cloth.raster.hlsl_f0adff76827e73ff.bin	44082	.bin
compiled-shaders/_fsr_copy_history.cs.hlsl_cs_main_0.bin	3130	.bin
compiled-shaders/_fsr_init_reactive.cs.hlsl_cs_main_0.bin	3305	.bin
compiled-shaders/_fxaa.cs.hlsl_cs_main_0.bin	25893	.bin
compiled-shaders/_garden_exclude_other_masks.cs.hlsl_cs_main_0.bin	4729	.bin
compiled-shaders/_garden_lowpoly_flower.raster.hlsl_b903e43ffb3da915.bin	43616	.bin
compiled-shaders/_garden_lowpoly_flower.raster.hlsl_f0adff76827e73ff.bin	38546	.bin
compiled-shaders/_garden_marching_squares.cs.hlsl_cs_main_0.bin	135333	.bin
compiled-shaders/_garden_read_bush_positions_for_cpu.cs.hlsl_cs_main_0.bin	7589	.bin
compiled-shaders/_garden_read_garden_mask.cs.hlsl_cs_main_0.bin	6086	.bin
compiled-shaders/_garden_spawn_bushes_buildings.cs.hlsl_cs_main_0.bin	32157	.bin
compiled-shaders/_garden_spawn_bushes_garden.cs.hlsl_cs_main_0.bin	19868	.bin
compiled-shaders/_garden_spawn_flowers_buildings.cs.hlsl_cs_main_0.bin	41319	.bin
compiled-shaders/_garden_spawn_flowers_garden.cs.hlsl_cs_main_0.bin	41257	.bin
compiled-shaders/_garden_spawn_small_flowers_garden.cs.hlsl_cs_main_0.bin	14248	.bin
compiled-shaders/_gauss_blur.cs.hlsl_cs_main_b9dd0465835cd591.bin	7156	.bin
compiled-shaders/_gauss_blur.cs.hlsl_cs_main_dc5fd7e4b9bf9935.bin	6984	.bin
compiled-shaders/_gauss_blur_building_mask.cs.hlsl_cs_main_0.bin	5717	.bin
compiled-shaders/_gauss_blur_mask.cs.hlsl_cs_main_0.bin	6529	.bin
compiled-shaders/_gauss_blur_r16f.cs.hlsl_cs_main_0.bin	5210	.bin
compiled-shaders/_generate_grass.cs.hlsl_cs_main_0.bin	69671	.bin
compiled-shaders/_generate_hzb.cs.hlsl_cs_main_0.bin	60715	.bin
compiled-shaders/_generate_mips.cs.hlsl_cs_main_0.bin	40064	.bin
compiled-shaders/_gi_blur_screen_radiance.cs.hlsl_cs_main_0.bin	19549	.bin
compiled-shaders/_gi_eval_screen_radiance.cs.hlsl_cs_main_0.bin	22171	.bin
compiled-shaders/_gi_reproject_screen_radiance.cs.hlsl_cs_main_0.bin	26902	.bin
compiled-shaders/_gi_trace_gi_candidates.cs.hlsl_cs_main_0.bin	124633	.bin
compiled-shaders/_gi_update_gi_radiance.cs.hlsl_cs_main_0.bin	23803	.bin
compiled-shaders/_grass.raster.hlsl_b903e43ffb3da915.bin	56876	.bin
compiled-shaders/_grass.raster.hlsl_f0adff76827e73ff.bin	48364	.bin
compiled-shaders/_grass_bundles_prefix.cs.hlsl_cs_main_0.bin	8624	.bin
compiled-shaders/_grass_calc_dispatch_args.cs.hlsl_cs_main_0.bin	4536	.bin
compiled-shaders/_grass_calc_grasslet_bundle_ranges.cs.hlsl_cs_main_0.bin	5151	.bin
compiled-shaders/_grass_calc_tiles.cs.hlsl_cs_main_0.bin	25743	.bin
compiled-shaders/_grass_lod1.raster.hlsl_b903e43ffb3da915.bin	56522	.bin
compiled-shaders/_grass_lod1.raster.hlsl_f0adff76827e73ff.bin	48010	.bin
compiled-shaders/_grass_object_push.raster.hlsl_b903e43ffb3da915.bin	8351	.bin
compiled-shaders/_grass_object_push.raster.hlsl_f0adff76827e73ff.bin	7727	.bin
compiled-shaders/_grass_tile_bundle_count.cs.hlsl_cs_main_0.bin	10117	.bin
compiled-shaders/_grass_tile_bundle_gen.cs.hlsl_cs_main_0.bin	6961	.bin
compiled-shaders/_grass_tiles_prefix.cs.hlsl_cs_main_0.bin	8624	.bin
compiled-shaders/_ice_plane.raster.hlsl_b903e43ffb3da915.bin	84406	.bin
compiled-shaders/_ice_plane.raster.hlsl_f0adff76827e73ff.bin	84406	.bin
compiled-shaders/_instanced_roof_beams.raster.hlsl_b903e43ffb3da915.bin	39338	.bin
compiled-shaders/_instanced_roof_beams.raster.hlsl_f0adff76827e73ff.bin	37138	.bin
compiled-shaders/_instanced_roof_spire.raster.hlsl_b903e43ffb3da915.bin	57629	.bin
compiled-shaders/_instanced_roof_spire.raster.hlsl_f0adff76827e73ff.bin	54817	.bin
compiled-shaders/_ivy_instanced_ivy_branch.raster.hlsl_b903e43ffb3da915.bin	70272	.bin
compiled-shaders/_ivy_instanced_ivy_branch.raster.hlsl_f0adff76827e73ff.bin	63694	.bin
compiled-shaders/_ivy_instanced_ivy_leaf.raster.hlsl_b903e43ffb3da915.bin	72348	.bin
compiled-shaders/_ivy_instanced_ivy_leaf.raster.hlsl_f0adff76827e73ff.bin	69606	.bin
compiled-shaders/_ivy_ivy.raster.hlsl_b903e43ffb3da915.bin	17377	.bin
compiled-shaders/_ivy_ivy.raster.hlsl_f0adff76827e73ff.bin	17077	.bin
compiled-shaders/_leaf_particle.raster.hlsl_b903e43ffb3da915.bin	35768	.bin
compiled-shaders/_leaf_particle.raster.hlsl_f0adff76827e73ff.bin	29080	.bin
compiled-shaders/_leaf_particles.cs.hlsl_cs_main_0.bin	53947	.bin
compiled-shaders/_light_binning_bin_lights_to_cells.cs.hlsl_cs_main_14dca8ba9c11c197.bin	21334	.bin
compiled-shaders/_light_binning_bin_lights_to_cells.cs.hlsl_cs_main_8faee3cc8c252c04.bin	14402	.bin
compiled-shaders/_light_binning_cell_prefix_merge.cs.hlsl_cs_main_0.bin	3737	.bin
compiled-shaders/_light_binning_cell_prefix_sum.cs.hlsl_cs_main_0.bin	9971	.bin
compiled-shaders/_light_binning_cell_subtotal_prefix_sum.cs.hlsl_cs_main_0.bin	9940	.bin
compiled-shaders/_lilypad.raster.hlsl_b903e43ffb3da915.bin	55970	.bin
compiled-shaders/_lilypad.raster.hlsl_f0adff76827e73ff.bin	53210	.bin
compiled-shaders/_lilypad_flower.raster.hlsl_b903e43ffb3da915.bin	49370	.bin
compiled-shaders/_lilypad_flower.raster.hlsl_f0adff76827e73ff.bin	41290	.bin
compiled-shaders/_loading_screen.raster.hlsl_b903e43ffb3da915.bin	11595	.bin
compiled-shaders/_loading_screen.raster.hlsl_f0adff76827e73ff.bin	9639	.bin
compiled-shaders/_logo_animation.raster.hlsl_b903e43ffb3da915.bin	11779	.bin
compiled-shaders/_logo_animation.raster.hlsl_f0adff76827e73ff.bin	9455	.bin
compiled-shaders/_logo_branches_animation.raster.hlsl_b903e43ffb3da915.bin	15954	.bin
compiled-shaders/_logo_branches_animation.raster.hlsl_f0adff76827e73ff.bin	12408	.bin
compiled-shaders/_logo_overlay.raster.hlsl_b903e43ffb3da915.bin	16409	.bin
compiled-shaders/_logo_overlay.raster.hlsl_f0adff76827e73ff.bin	15247	.bin
compiled-shaders/_lut_brdf_fg.cs.hlsl_cs_main_0.bin	13279	.bin
compiled-shaders/_lut_gallery_thumbnail.raster.hlsl_b903e43ffb3da915.bin	22607	.bin
compiled-shaders/_lut_gallery_thumbnail.raster.hlsl_f0adff76827e73ff.bin	14185	.bin
compiled-shaders/_lut_water_noise.cs.hlsl_cs_main_0.bin	22690	.bin
compiled-shaders/_mei_shadow.raster.hlsl_b903e43ffb3da915.bin	20623	.bin
compiled-shaders/_mei_shadow.raster.hlsl_f0adff76827e73ff.bin	19023	.bin
compiled-shaders/_mouse_terrain_raycast.cs.hlsl_cs_main_0.bin	8644	.bin
compiled-shaders/_nani_allocate_draw_commands.cs.hlsl_cs_main_0.bin	9319	.bin
compiled-shaders/_nani_balcony_door.raster.hlsl_b903e43ffb3da915.bin	59193	.bin
compiled-shaders/_nani_balcony_door.raster.hlsl_f0adff76827e73ff.bin	54589	.bin
compiled-shaders/_nani_bush.raster.hlsl_b903e43ffb3da915.bin	47035	.bin
compiled-shaders/_nani_bush.raster.hlsl_f0adff76827e73ff.bin	43805	.bin
compiled-shaders/_nani_clear_draw_lists.cs.hlsl_cs_main_0.bin	5528	.bin
compiled-shaders/_nani_clear_histogram.cs.hlsl_cs_main_0.bin	2938	.bin
compiled-shaders/_nani_clear_subtotals.cs.hlsl_cs_main_0.bin	4482	.bin
compiled-shaders/_nani_cloth.raster.hlsl_b903e43ffb3da915.bin	57895	.bin
compiled-shaders/_nani_cloth.raster.hlsl_f0adff76827e73ff.bin	44167	.bin
compiled-shaders/_nani_cull_and_bucket.cs.hlsl_cs_main_8a7d2f81e72c8eeb.bin	27344	.bin
compiled-shaders/_nani_cull_and_bucket.cs.hlsl_cs_main_d8520a92ddeb65ab.bin	25112	.bin
compiled-shaders/_nani_cull_and_bucket_bush.cs.hlsl_cs_main_8a7d2f81e72c8eeb.bin	24999	.bin
compiled-shaders/_nani_cull_and_bucket_bush.cs.hlsl_cs_main_d8520a92ddeb65ab.bin	24455	.bin
compiled-shaders/_nani_cull_and_bucket_curved_halftimber.cs.hlsl_cs_main_8a7d2f81e72c8eeb.bin	27032	.bin
compiled-shaders/_nani_cull_and_bucket_curved_halftimber.cs.hlsl_cs_main_d8520a92ddeb65ab.bin	24736	.bin
compiled-shaders/_nani_cull_and_bucket_flowers.cs.hlsl_cs_main_8a7d2f81e72c8eeb.bin	25150	.bin
compiled-shaders/_nani_cull_and_bucket_flowers.cs.hlsl_cs_main_d8520a92ddeb65ab.bin	24622	.bin
compiled-shaders/_nani_cull_and_bucket_plaster.cs.hlsl_cs_main_8a7d2f81e72c8eeb.bin	27394	.bin
compiled-shaders/_nani_cull_and_bucket_plaster.cs.hlsl_cs_main_d8520a92ddeb65ab.bin	21482	.bin
compiled-shaders/_nani_cull_and_bucket_roof_tile.cs.hlsl_cs_main_8a7d2f81e72c8eeb.bin	24677	.bin
compiled-shaders/_nani_cull_and_bucket_roof_tile.cs.hlsl_cs_main_d8520a92ddeb65ab.bin	23553	.bin
compiled-shaders/_nani_cull_and_bucket_smoke.cs.hlsl_cs_main_8a7d2f81e72c8eeb.bin	26660	.bin
compiled-shaders/_nani_cull_and_bucket_smoke.cs.hlsl_cs_main_d8520a92ddeb65ab.bin	24448	.bin
compiled-shaders/_nani_cull_and_bucket_stairs_floor.cs.hlsl_cs_main_8a7d2f81e72c8eeb.bin	27697	.bin
compiled-shaders/_nani_cull_and_bucket_stairs_floor.cs.hlsl_cs_main_d8520a92ddeb65ab.bin	25465	.bin
compiled-shaders/_nani_cull_and_bucket_wooden_plank.cs.hlsl_cs_main_8a7d2f81e72c8eeb.bin	25946	.bin
compiled-shaders/_nani_cull_and_bucket_wooden_plank.cs.hlsl_cs_main_d8520a92ddeb65ab.bin	25114	.bin
compiled-shaders/_nani_curved_halftimber.raster.hlsl_b903e43ffb3da915.bin	58779	.bin
compiled-shaders/_nani_curved_halftimber.raster.hlsl_f0adff76827e73ff.bin	44747	.bin
compiled-shaders/_nani_draw_indexed_indirect_to_dispatch.cs.hlsl_cs_main_0.bin	4322	.bin
compiled-shaders/_nani_fill_sorted_instance_list.cs.hlsl_cs_main_0.bin	9517	.bin
compiled-shaders/_nani_fill_unsorted_instance_indirection.cs.hlsl_cs_main_0.bin	7865	.bin
compiled-shaders/_nani_fill_unsorted_instance_list.cs.hlsl_cs_main_0.bin	10423	.bin
compiled-shaders/_nani_flower.raster.hlsl_b903e43ffb3da915.bin	46411	.bin
compiled-shaders/_nani_flower.raster.hlsl_f0adff76827e73ff.bin	40683	.bin
compiled-shaders/_nani_generate_dispatch_args.cs.hlsl_cs_main_0.bin	7028	.bin
compiled-shaders/_nani_generate_draw_lists.cs.hlsl_cs_main_0.bin	12521	.bin
compiled-shaders/_nani_gothic_window_bricks.raster.hlsl_b903e43ffb3da915.bin	89872	.bin
compiled-shaders/_nani_gothic_window_bricks.raster.hlsl_f0adff76827e73ff.bin	61216	.bin
compiled-shaders/_nani_group_draw_cmd_prefix_sum.cs.hlsl_cs_main_0.bin	13316	.bin
compiled-shaders/_nani_histogram_prefix_sum.cs.hlsl_cs_main_0.bin	8831	.bin
compiled-shaders/_nani_instanced_roof.raster.hlsl_b903e43ffb3da915.bin	111880	.bin
compiled-shaders/_nani_instanced_roof.raster.hlsl_f0adff76827e73ff.bin	93208	.bin
compiled-shaders/_nani_lantern_emissive.raster.hlsl_b903e43ffb3da915.bin	40381	.bin
compiled-shaders/_nani_lantern_emissive.raster.hlsl_f0adff76827e73ff.bin	35029	.bin
compiled-shaders/_nani_plant.raster.hlsl_b903e43ffb3da915.bin	41765	.bin
compiled-shaders/_nani_plant.raster.hlsl_f0adff76827e73ff.bin	39637	.bin
compiled-shaders/_nani_plaster.raster.hlsl_b903e43ffb3da915.bin	136684	.bin
compiled-shaders/_nani_plaster.raster.hlsl_f0adff76827e73ff.bin	84670	.bin
compiled-shaders/_nani_prefix_sum_unsorted_instances_per_atlas_entry.cs.hlsl_cs_main_0.bin	13303	.bin
compiled-shaders/_nani_prepare_unsorted_draw_lists.cs.hlsl_cs_main_0.bin	7402	.bin
compiled-shaders/_nani_preplaced_flower.raster.hlsl_b903e43ffb3da915.bin	45393	.bin
compiled-shaders/_nani_preplaced_flower.raster.hlsl_f0adff76827e73ff.bin	38675	.bin
compiled-shaders/_nani_roof_floor.raster.hlsl_b903e43ffb3da915.bin	145335	.bin
compiled-shaders/_nani_roof_floor.raster.hlsl_f0adff76827e73ff.bin	99599	.bin
compiled-shaders/_nani_smoke.raster.hlsl_b903e43ffb3da915.bin	98068	.bin
compiled-shaders/_nani_smoke.raster.hlsl_f0adff76827e73ff.bin	96512	.bin
compiled-shaders/_nani_solid_albedo_map.raster.hlsl_b903e43ffb3da915.bin	37095	.bin
compiled-shaders/_nani_solid_albedo_map.raster.hlsl_f0adff76827e73ff.bin	29851	.bin
compiled-shaders/_nani_solid_albedo_map_emissive.raster.hlsl_b903e43ffb3da915.bin	38596	.bin
compiled-shaders/_nani_solid_albedo_map_emissive.raster.hlsl_f0adff76827e73ff.bin	34644	.bin
compiled-shaders/_nani_solid_vertex_color.raster.hlsl_b903e43ffb3da915.bin	36084	.bin
compiled-shaders/_nani_solid_vertex_color.raster.hlsl_f0adff76827e73ff.bin	32648	.bin
compiled-shaders/_nani_solid_vertex_color_bricks.raster.hlsl_b903e43ffb3da915.bin	85988	.bin
compiled-shaders/_nani_solid_vertex_color_bricks.raster.hlsl_f0adff76827e73ff.bin	57184	.bin
compiled-shaders/_nani_solid_vertex_color_window.raster.hlsl_b903e43ffb3da915.bin	58265	.bin
compiled-shaders/_nani_solid_vertex_color_window.raster.hlsl_f0adff76827e73ff.bin	54385	.bin
compiled-shaders/_nani_solid_vertex_color_window_glass.raster.hlsl_b903e43ffb3da915.bin	80095	.bin
compiled-shaders/_nani_solid_vertex_color_window_glass.raster.hlsl_f0adff76827e73ff.bin	56005	.bin
compiled-shaders/_nani_stairs_floor.raster.hlsl_b903e43ffb3da915.bin	69017	.bin
compiled-shaders/_nani_stairs_floor.raster.hlsl_f0adff76827e73ff.bin	44495	.bin
compiled-shaders/_nani_subtotal_prefix_sum.cs.hlsl_cs_main_0.bin	11494	.bin
compiled-shaders/_nani_uber.raster.hlsl_b903e43ffb3da915.bin	36989	.bin
compiled-shaders/_nani_uber.raster.hlsl_f0adff76827e73ff.bin	32825	.bin
compiled-shaders/_nani_velocity_only.raster.hlsl_b903e43ffb3da915.bin	14724	.bin
compiled-shaders/_nani_velocity_only.raster.hlsl_f0adff76827e73ff.bin	14500	.bin
compiled-shaders/_nani_wooden_plank.raster.hlsl_b903e43ffb3da915.bin	70531	.bin
compiled-shaders/_nani_wooden_plank.raster.hlsl_f0adff76827e73ff.bin	58729	.bin
compiled-shaders/_normal_debug.raster.hlsl_b903e43ffb3da915.bin	12919	.bin
compiled-shaders/_normal_debug.raster.hlsl_f0adff76827e73ff.bin	12723	.bin
compiled-shaders/_painterly_acquire_target.cs.hlsl_cs_main_0.bin	11017	.bin
compiled-shaders/_painterly_convolve_target.cs.hlsl_cs_main_0.bin	7362	.bin
compiled-shaders/_painterly_debug_target.raster.hlsl_b903e43ffb3da915.bin	6181	.bin
compiled-shaders/_painterly_debug_target.raster.hlsl_f0adff76827e73ff.bin	6073	.bin
compiled-shaders/_painterly_generate_strokes.cs.hlsl_cs_main_0.bin	16368	.bin
compiled-shaders/_painterly_raster_strokes.raster.hlsl_b903e43ffb3da915.bin	18554	.bin
compiled-shaders/_painterly_raster_strokes.raster.hlsl_f0adff76827e73ff.bin	16798	.bin
compiled-shaders/_path_pebble.raster.hlsl_b903e43ffb3da915.bin	29734	.bin
compiled-shaders/_path_pebble.raster.hlsl_f0adff76827e73ff.bin	26556	.bin
compiled-shaders/_path_pebbles.cs.hlsl_cs_main_0.bin	19963	.bin
compiled-shaders/_paths_combine_path_exclusions.cs.hlsl_cs_main_0.bin	6647	.bin
compiled-shaders/_paths_directional_contract.cs.hlsl_cs_main_0.bin	10235	.bin
compiled-shaders/_paths_path_mask_visual.cs.hlsl_cs_main_0.bin	43870	.bin
compiled-shaders/_prefix_scan_inclusive_prefix_scan.cs.hlsl_cs_main_0.bin	8199	.bin
compiled-shaders/_prefix_scan_inclusive_prefix_scan_merge.cs.hlsl_cs_main_0.bin	4249	.bin
compiled-shaders/_prefix_scan_inclusive_prefix_scan_subtotals.cs.hlsl_cs_main_0.bin	8829	.bin
compiled-shaders/_primary_rt_debug.cs.hlsl_cs_main_0.bin	91066	.bin
compiled-shaders/_rain_particles.raster.hlsl_b903e43ffb3da915.bin	19047	.bin
compiled-shaders/_rain_particles.raster.hlsl_f0adff76827e73ff.bin	18563	.bin
compiled-shaders/_rasterize_buildings.cs.hlsl_cs_main_0.bin	8148	.bin
compiled-shaders/_rasterize_buildings_animate.cs.hlsl_cs_main_0.bin	8461	.bin
compiled-shaders/_rdi_temporal.cs.hlsl_cs_main_0.bin	45140	.bin
compiled-shaders/_read_mouse_depth_value.cs.hlsl_cs_main_0.bin	16358	.bin
compiled-shaders/_read_terrain_stroke.cs.hlsl_cs_main_0.bin	5915	.bin
compiled-shaders/_reed.raster.hlsl_b903e43ffb3da915.bin	54701	.bin
compiled-shaders/_reed.raster.hlsl_f0adff76827e73ff.bin	48813	.bin
compiled-shaders/_resolve_to_swapchain.cs.hlsl_cs_main_0.bin	8791	.bin
compiled-shaders/_rocky_terrain_displace_rocky_terrain.cs.hlsl_cs_main_0.bin	41514	.bin
compiled-shaders/_rocky_terrain_rocky_terrain.raster.hlsl_b903e43ffb3da915.bin	46691	.bin
compiled-shaders/_rocky_terrain_rocky_terrain.raster.hlsl_f0adff76827e73ff.bin	29379	.bin
compiled-shaders/_rocky_terrain_stairs_stairs.cs.hlsl_cs_main_0.bin	162979	.bin
compiled-shaders/_rocky_terrain_stairs_stairs_counter.cs.hlsl_cs_main_0.bin	4411	.bin
compiled-shaders/_rocky_terrain_stairs_stairs_indirect.raster.hlsl_b903e43ffb3da915.bin	61134	.bin
compiled-shaders/_rocky_terrain_stairs_stairs_indirect.raster.hlsl_f0adff76827e73ff.bin	53104	.bin
compiled-shaders/_roof_snow.raster.hlsl_b903e43ffb3da915.bin	55866	.bin
compiled-shaders/_roof_snow.raster.hlsl_f0adff76827e73ff.bin	53742	.bin
compiled-shaders/_roof_tiles_gravity.cs.hlsl_cs_main_0.bin	15790	.bin
compiled-shaders/_screenshot_capture_screenshot_buffer.cs.hlsl_sample1_0.bin	13579	.bin
compiled-shaders/_screenshot_capture_screenshot_buffer.cs.hlsl_sample4_0.bin	14013	.bin
compiled-shaders/_screenshot_capture_screenshot_texture.cs.hlsl_sample1_0.bin	11060	.bin
compiled-shaders/_screenshot_capture_screenshot_texture.cs.hlsl_sample4_0.bin	11478	.bin
compiled-shaders/_session_selection_background.raster.hlsl_b903e43ffb3da915.bin	21064	.bin
compiled-shaders/_session_selection_background.raster.hlsl_f0adff76827e73ff.bin	13645	.bin
compiled-shaders/_session_selection_new_glade_thumbnail.raster.hlsl_b903e43ffb3da915.bin	17407	.bin
compiled-shaders/_session_selection_new_glade_thumbnail.raster.hlsl_f0adff76827e73ff.bin	15671	.bin
compiled-shaders/_session_selection_thumbnail.raster.hlsl_b903e43ffb3da915.bin	19099	.bin
compiled-shaders/_session_selection_thumbnail.raster.hlsl_f0adff76827e73ff.bin	16063	.bin
compiled-shaders/_session_selection_thumbnail_painterly.raster.hlsl_b903e43ffb3da915.bin	24840	.bin
compiled-shaders/_session_selection_thumbnail_painterly.raster.hlsl_f0adff76827e73ff.bin	22536	.bin
compiled-shaders/_shader_refactoring.cs.hlsl_capture_0.bin	3312	.bin
compiled-shaders/_shader_refactoring.cs.hlsl_compare_0.bin	4056	.bin
compiled-shaders/_shadow_mask_mean.cs.hlsl_cs_main_0.bin	10143	.bin
compiled-shaders/_sheep.raster.hlsl_b903e43ffb3da915.bin	30931	.bin
compiled-shaders/_sheep.raster.hlsl_f0adff76827e73ff.bin	28407	.bin
compiled-shaders/_skydome.raster.hlsl_b903e43ffb3da915.bin	30509	.bin
compiled-shaders/_skydome.raster.hlsl_f0adff76827e73ff.bin	19883	.bin
compiled-shaders/_snow_particles.raster.hlsl_b903e43ffb3da915.bin	48203	.bin
compiled-shaders/_snow_particles.raster.hlsl_f0adff76827e73ff.bin	47075	.bin
compiled-shaders/_solid_vertex_color.raster.hlsl_b903e43ffb3da915.bin	34050	.bin
compiled-shaders/_solid_vertex_color.raster.hlsl_f0adff76827e73ff.bin	30630	.bin
compiled-shaders/_solid_vertex_color_albedo_map.raster.hlsl_b903e43ffb3da915.bin	35650	.bin
compiled-shaders/_solid_vertex_color_albedo_map.raster.hlsl_f0adff76827e73ff.bin	31440	.bin
compiled-shaders/_solid_vertex_color_boat.raster.hlsl_b903e43ffb3da915.bin	28833	.bin
compiled-shaders/_solid_vertex_color_boat.raster.hlsl_f0adff76827e73ff.bin	26633	.bin
compiled-shaders/_solid_vertex_color_garden_stone.raster.hlsl_b903e43ffb3da915.bin	29411	.bin
compiled-shaders/_solid_vertex_color_garden_stone.raster.hlsl_f0adff76827e73ff.bin	27211	.bin
compiled-shaders/_solid_vertex_color_waterwheel.raster.hlsl_b903e43ffb3da915.bin	30151	.bin
compiled-shaders/_solid_vertex_color_waterwheel.raster.hlsl_f0adff76827e73ff.bin	27951	.bin
compiled-shaders/_solid_vertex_color_wooden_gate.raster.hlsl_b903e43ffb3da915.bin	37236	.bin
compiled-shaders/_solid_vertex_color_wooden_gate.raster.hlsl_f0adff76827e73ff.bin	27300	.bin
compiled-shaders/_sparkles.raster.hlsl_b903e43ffb3da915.bin	25485	.bin
compiled-shaders/_sparkles.raster.hlsl_f0adff76827e73ff.bin	24945	.bin
compiled-shaders/_splash_particle.raster.hlsl_b903e43ffb3da915.bin	46655	.bin
compiled-shaders/_splash_particle.raster.hlsl_f0adff76827e73ff.bin	44547	.bin
compiled-shaders/_ssgi_ssgi.cs.hlsl_cs_main_0.bin	26203	.bin
compiled-shaders/_ssgi_temporal_filter.cs.hlsl_cs_main_0.bin	14257	.bin
compiled-shaders/_ssgi_upsample.cs.hlsl_cs_main_0.bin	13326	.bin
compiled-shaders/_stairs_foliage_exclusion.raster.hlsl_b903e43ffb3da915.bin	8257	.bin
compiled-shaders/_stairs_foliage_exclusion.raster.hlsl_f0adff76827e73ff.bin	8105	.bin
compiled-shaders/_star.raster.hlsl_b903e43ffb3da915.bin	31510	.bin
compiled-shaders/_star.raster.hlsl_f0adff76827e73ff.bin	24392	.bin
compiled-shaders/_taa.cs.hlsl_cs_main_0.bin	26119	.bin
compiled-shaders/_terrain_derivative.cs.hlsl_cs_main_0.bin	9827	.bin
compiled-shaders/_terrain_editing_cache_stroke.cs.hlsl_cs_main_0.bin	3653	.bin
compiled-shaders/_terrain_editing_calc_highlight_hill_mask.cs.hlsl_cs_main_0.bin	6696	.bin
compiled-shaders/_terrain_editing_floor.raster.hlsl_b903e43ffb3da915.bin	108508	.bin
compiled-shaders/_terrain_editing_floor.raster.hlsl_f0adff76827e73ff.bin	45410	.bin
compiled-shaders/_terrain_editing_rasterize_terrain_stroke.cs.hlsl_cs_main_0.bin	103635	.bin
compiled-shaders/_terrain_editing_read_terrain_height.cs.hlsl_cs_main_0.bin	8678	.bin
compiled-shaders/_terrain_editing_read_terrain_rock_mask.cs.hlsl_cs_main_0.bin	6825	.bin
compiled-shaders/_terrain_lighting_texture.cs.hlsl_cs_main_0.bin	34335	.bin
compiled-shaders/_text.raster.hlsl_b903e43ffb3da915.bin	64096	.bin
compiled-shaders/_text.raster.hlsl_f0adff76827e73ff.bin	23966	.bin
compiled-shaders/_texture_test.raster.hlsl_b903e43ffb3da915.bin	16174	.bin
compiled-shaders/_texture_test.raster.hlsl_f0adff76827e73ff.bin	15486	.bin
compiled-shaders/_tgsr.cs.hlsl_cs_main_3ee6a953408e4c4c.bin	36523	.bin
compiled-shaders/_tgsr.cs.hlsl_cs_main_7a0af18450cdbcd1.bin	33163	.bin
compiled-shaders/_tgsr.cs.hlsl_cs_main_b303f36f0dbdd5f6.bin	33163	.bin
compiled-shaders/_tgsr.cs.hlsl_cs_main_f7efabb81dfe256b.bin	36539	.bin
compiled-shaders/_tgsr_blur_lum.cs.hlsl_cs_main_0.bin	12095	.bin
compiled-shaders/_tgsr_reproject.cs.hlsl_cs_main_0.bin	20516	.bin
compiled-shaders/_timed_terrain_gizmo.raster.hlsl_b903e43ffb3da915.bin	13610	.bin
compiled-shaders/_timed_terrain_gizmo.raster.hlsl_f0adff76827e73ff.bin	13326	.bin
compiled-shaders/_timer_circle.raster.hlsl_b903e43ffb3da915.bin	15669	.bin
compiled-shaders/_timer_circle.raster.hlsl_f0adff76827e73ff.bin	13841	.bin
compiled-shaders/_ui_2d.raster.hlsl_b903e43ffb3da915.bin	10871	.bin
compiled-shaders/_ui_2d.raster.hlsl_f0adff76827e73ff.bin	7893	.bin
compiled-shaders/_ui_2d_color_button.raster.hlsl_b903e43ffb3da915.bin	10817	.bin
compiled-shaders/_ui_2d_color_button.raster.hlsl_f0adff76827e73ff.bin	7939	.bin
compiled-shaders/_ui_2d_ws.raster.hlsl_b903e43ffb3da915.bin	15547	.bin
compiled-shaders/_ui_2d_ws.raster.hlsl_f0adff76827e73ff.bin	14469	.bin
compiled-shaders/_upload_cpu_raster.cs.hlsl_r16f_0.bin	6411	.bin
compiled-shaders/_upload_cpu_raster.cs.hlsl_rgba16f_0.bin	6488	.bin
compiled-shaders/_vermeer_acquire_target.cs.hlsl_cs_main_0.bin	7256	.bin
compiled-shaders/_vermeer_combine.raster.hlsl_b903e43ffb3da915.bin	16812	.bin
compiled-shaders/_vermeer_combine.raster.hlsl_f0adff76827e73ff.bin	13414	.bin
compiled-shaders/_vermeer_convolve_target.cs.hlsl_cs_main_0.bin	7356	.bin
compiled-shaders/_vermeer_generate_strokes.cs.hlsl_cs_main_2f7da8dc0793466b.bin	42351	.bin
compiled-shaders/_vermeer_generate_strokes.cs.hlsl_cs_main_f890205ffc078ce8.bin	91119	.bin
compiled-shaders/_vermeer_raster_strokes.raster.hlsl_b903e43ffb3da915.bin	26136	.bin
compiled-shaders/_vermeer_raster_strokes.raster.hlsl_f0adff76827e73ff.bin	22360	.bin
compiled-shaders/_vertex_color.raster.hlsl_b903e43ffb3da915.bin	12572	.bin
compiled-shaders/_vertex_color.raster.hlsl_f0adff76827e73ff.bin	12196	.bin
compiled-shaders/_wall_generate_draw_lists.cs.hlsl_cs_pass1_0.bin	22284	.bin
compiled-shaders/_wall_generate_draw_lists.cs.hlsl_cs_pass2_0.bin	26982	.bin
compiled-shaders/_wall_reset_pass2_inst_counts.cs.hlsl_cs_main_0.bin	4651	.bin
compiled-shaders/_wall_wall_brick_lod0.raster.hlsl_b903e43ffb3da915.bin	95434	.bin
compiled-shaders/_wall_wall_brick_lod0.raster.hlsl_f0adff76827e73ff.bin	67296	.bin
compiled-shaders/_wall_wall_brick_lod1.raster.hlsl_b903e43ffb3da915.bin	104438	.bin
compiled-shaders/_wall_wall_brick_lod1.raster.hlsl_f0adff76827e73ff.bin	62828	.bin
compiled-shaders/_water_calc_deferred_rt_args.cs.hlsl_cs_main_0.bin	3097	.bin
compiled-shaders/_water_deferred_rt.cs.hlsl_cs_main_0.bin	82290	.bin
compiled-shaders/_water_draw_water_mask.cs.hlsl_cs_main_0.bin	5644	.bin
compiled-shaders/_water_ice_cracks.raster.hlsl_b903e43ffb3da915.bin	31597	.bin
compiled-shaders/_water_ice_cracks.raster.hlsl_f0adff76827e73ff.bin	26197	.bin
compiled-shaders/_water_ice_deferred_rt.cs.hlsl_cs_main_0.bin	62936	.bin
compiled-shaders/_water_ice_refl_march.cs.hlsl_cs_main_0.bin	46248	.bin
compiled-shaders/_water_ice_refl_resolve.cs.hlsl_cs_main_0.bin	28728	.bin
compiled-shaders/_water_ice_refr_resolve.cs.hlsl_cs_main_0.bin	21093	.bin
compiled-shaders/_water_plane.raster.hlsl_b903e43ffb3da915.bin	124235	.bin
compiled-shaders/_water_plane.raster.hlsl_f0adff76827e73ff.bin	78813	.bin
compiled-shaders/_water_plane_refraction_copy.raster.hlsl_b903e43ffb3da915.bin	24577	.bin
compiled-shaders/_water_plane_refraction_copy.raster.hlsl_f0adff76827e73ff.bin	23791	.bin
compiled-shaders/_water_read_water_mask.cs.hlsl_cs_main_0.bin	6885	.bin
compiled-shaders/_water_snow_plane.raster.hlsl_b903e43ffb3da915.bin	33941	.bin
compiled-shaders/_water_snow_plane.raster.hlsl_f0adff76827e73ff.bin	33781	.bin
compiled-shaders/_water_spawn_boats.cs.hlsl_cs_main_0.bin	21317	.bin
compiled-shaders/_water_spawn_lilypads.cs.hlsl_cs_main_0.bin	48296	.bin
compiled-shaders/_water_spawn_reeds.cs.hlsl_cs_main_0.bin	21768	.bin
compiled-shaders/_water_spawn_waterwheels.cs.hlsl_cs_main_0.bin	6069	.bin
compiled-shaders/_water_x_paths.raster.hlsl_b903e43ffb3da915.bin	49590	.bin
compiled-shaders/_water_x_paths.raster.hlsl_f0adff76827e73ff.bin	32628	.bin
compiled-shaders/_waterfall.raster.hlsl_b903e43ffb3da915.bin	150531	.bin
compiled-shaders/_waterfall.raster.hlsl_f0adff76827e73ff.bin	105125	.bin
compiled-shaders/_waterfall_refraction_copy.raster.hlsl_b903e43ffb3da915.bin	41898	.bin
compiled-shaders/_waterfall_refraction_copy.raster.hlsl_f0adff76827e73ff.bin	41112	.bin
credits-crates.txt	6045	.txt
default_settings.ron	23	.ron
fallback-vulkan-1.dll	1442584	.dll
fmod.dll	1852416	.dll
fmodstudio.dll	1519104	.dll
GfnRuntimeSdk.dll	3575344	.dll
GFSDK_Aftermath_Lib.x64.dll	5431880	.dll
legal/GeForceNOW-SDK-LICENSE	26328	
legal/GeForceNOW-SDK-LICENSE.thirdparty	17361	.thirdparty
legal/Nsight-Aftermath-SDK.txt	16407	.txt
rune_controller_glyphs/ps4_button_options_lg.png	3622	.png
rune_controller_glyphs/ps4_button_options_md.png	1722	.png
rune_controller_glyphs/ps4_button_options_sm.png	395	.png
rune_controller_glyphs/ps4_button_share_lg.png	3145	.png
rune_controller_glyphs/ps4_button_share_md.png	1645	.png
rune_controller_glyphs/ps4_button_share_sm.png	407	.png
rune_controller_glyphs/ps4_l1_lg.png	2050	.png
rune_controller_glyphs/ps4_l1_md.png	1121	.png
rune_controller_glyphs/ps4_l1_sm.png	383	.png
rune_controller_glyphs/ps4_l2_lg.png	3140	.png
rune_controller_glyphs/ps4_l2_md.png	1631	.png
rune_controller_glyphs/ps4_l2_sm.png	473	.png
rune_controller_glyphs/ps4_l2_soft_lg.png	3793	.png
rune_controller_glyphs/ps4_l2_soft_md.png	1953	.png
rune_controller_glyphs/ps4_l2_soft_sm.png	592	.png
rune_controller_glyphs/ps4_r1_lg.png	2623	.png
rune_controller_glyphs/ps4_r1_md.png	1387	.png
rune_controller_glyphs/ps4_r1_sm.png	434	.png
rune_controller_glyphs/ps4_r2_lg.png	3692	.png
rune_controller_glyphs/ps4_r2_md.png	1871	.png
rune_controller_glyphs/ps4_r2_sm.png	491	.png
rune_controller_glyphs/ps4_r2_soft_lg.png	4308	.png
rune_controller_glyphs/ps4_r2_soft_md.png	2265	.png
rune_controller_glyphs/ps4_r2_soft_sm.png	642	.png
rune_controller_glyphs/ps5_button_create_lg.png	2185	.png
rune_controller_glyphs/ps5_button_create_md.png	1158	.png
rune_controller_glyphs/ps5_button_create_sm.png	374	.png
rune_controller_glyphs/ps5_button_options_lg.png	628	.png
rune_controller_glyphs/ps5_button_options_md.png	349	.png
rune_controller_glyphs/ps5_button_options_sm.png	225	.png
rune_controller_glyphs/ps5_l1_lg.png	1979	.png
rune_controller_glyphs/ps5_l1_md.png	1067	.png
rune_controller_glyphs/ps5_l1_sm.png	379	.png
rune_controller_glyphs/ps5_l2_lg.png	3488	.png
rune_controller_glyphs/ps5_l2_md.png	1774	.png
rune_controller_glyphs/ps5_l2_sm.png	499	.png
rune_controller_glyphs/ps5_l2_soft_lg.png	4267	.png
rune_controller_glyphs/ps5_l2_soft_md.png	2164	.png
rune_controller_glyphs/ps5_l2_soft_sm.png	660	.png
rune_controller_glyphs/ps5_r1_lg.png	2564	.png
rune_controller_glyphs/ps5_r1_md.png	1342	.png
rune_controller_glyphs/ps5_r1_sm.png	425	.png
rune_controller_glyphs/ps5_r2_lg.png	4093	.png
rune_controller_glyphs/ps5_r2_md.png	2077	.png
rune_controller_glyphs/ps5_r2_sm.png	510	.png
rune_controller_glyphs/ps5_r2_soft_lg.png	4848	.png
rune_controller_glyphs/ps5_r2_soft_md.png	2493	.png
rune_controller_glyphs/ps5_r2_soft_sm.png	721	.png
rune_controller_glyphs/ps_button_circle_lg.png	6125	.png
rune_controller_glyphs/ps_button_circle_md.png	2845	.png
rune_controller_glyphs/ps_button_circle_sm.png	579	.png
rune_controller_glyphs/ps_button_square_lg.png	3730	.png
rune_controller_glyphs/ps_button_square_md.png	1891	.png
rune_controller_glyphs/ps_button_square_sm.png	444	.png
rune_controller_glyphs/ps_button_triangle_lg.png	4619	.png
rune_controller_glyphs/ps_button_triangle_md.png	2328	.png
rune_controller_glyphs/ps_button_triangle_sm.png	526	.png
rune_controller_glyphs/ps_button_x_lg.png	4396	.png
rune_controller_glyphs/ps_button_x_md.png	2223	.png
rune_controller_glyphs/ps_button_x_sm.png	454	.png
rune_controller_glyphs/ps_color_button_circle_lg.png	7750	.png
rune_controller_glyphs/ps_color_button_circle_md.png	3968	.png
rune_controller_glyphs/ps_color_button_circle_sm.png	1091	.png
rune_controller_glyphs/ps_color_button_square_lg.png	4282	.png
rune_controller_glyphs/ps_color_button_square_md.png	2277	.png
rune_controller_glyphs/ps_color_button_square_sm.png	644	.png
rune_controller_glyphs/ps_color_button_triangle_lg.png	5379	.png
rune_controller_glyphs/ps_color_button_triangle_md.png	2813	.png
rune_controller_glyphs/ps_color_button_triangle_sm.png	819	.png
rune_controller_glyphs/ps_color_button_x_lg.png	5456	.png
rune_controller_glyphs/ps_color_button_x_md.png	2934	.png
rune_controller_glyphs/ps_color_button_x_sm.png	887	.png
rune_controller_glyphs/ps_dpad_down_lg.png	3643	.png
rune_controller_glyphs/ps_dpad_down_md.png	1757	.png
rune_controller_glyphs/ps_dpad_down_sm.png	558	.png
rune_controller_glyphs/ps_dpad_left_lg.png	3675	.png
rune_controller_glyphs/ps_dpad_left_md.png	1794	.png
rune_controller_glyphs/ps_dpad_left_sm.png	565	.png
rune_controller_glyphs/ps_dpad_lg.png	3684	.png
rune_controller_glyphs/ps_dpad_md.png	1754	.png
rune_controller_glyphs/ps_dpad_right_lg.png	3667	.png
rune_controller_glyphs/ps_dpad_right_md.png	1785	.png
rune_controller_glyphs/ps_dpad_right_sm.png	554	.png
rune_controller_glyphs/ps_dpad_sm.png	514	.png
rune_controller_glyphs/ps_dpad_up_lg.png	3656	.png
rune_controller_glyphs/ps_dpad_up_md.png	1811	.png
rune_controller_glyphs/ps_dpad_up_sm.png	547	.png
rune_controller_glyphs/shared_button_a_lg.png	4431	.png
rune_controller_glyphs/shared_button_a_md.png	2186	.png
rune_controller_glyphs/shared_button_a_sm.png	545	.png
rune_controller_glyphs/shared_button_b_lg.png	4246	.png
rune_controller_glyphs/shared_button_b_md.png	2103	.png
rune_controller_glyphs/shared_button_b_sm.png	544	.png
rune_controller_glyphs/shared_button_x_lg.png	4765	.png
rune_controller_glyphs/shared_button_x_md.png	2313	.png
rune_controller_glyphs/shared_button_x_sm.png	530	.png
rune_controller_glyphs/shared_button_y_lg.png	4104	.png
rune_controller_glyphs/shared_button_y_md.png	2047	.png
rune_controller_glyphs/shared_button_y_sm.png	488	.png
rune_controller_glyphs/shared_color_button_a_lg.png	5092	.png
rune_controller_glyphs/shared_color_button_a_md.png	2539	.png
rune_controller_glyphs/shared_color_button_a_sm.png	763	.png
rune_controller_glyphs/shared_color_button_b_lg.png	5342	.png
rune_controller_glyphs/shared_color_button_b_md.png	2715	.png
rune_controller_glyphs/shared_color_button_b_sm.png	779	.png
rune_controller_glyphs/shared_color_button_x_lg.png	5351	.png
rune_controller_glyphs/shared_color_button_x_md.png	2689	.png
rune_controller_glyphs/shared_color_button_x_sm.png	789	.png
rune_controller_glyphs/shared_color_button_y_lg.png	4731	.png
rune_controller_glyphs/shared_color_button_y_md.png	2436	.png
rune_controller_glyphs/shared_color_button_y_sm.png	734	.png
rune_controller_glyphs/shared_color_outlined_button_a_lg.png	7029	.png
rune_controller_glyphs/shared_color_outlined_button_a_md.png	3562	.png
rune_controller_glyphs/shared_color_outlined_button_a_sm.png	972	.png
rune_controller_glyphs/shared_color_outlined_button_b_lg.png	7507	.png
rune_controller_glyphs/shared_color_outlined_button_b_md.png	3738	.png
rune_controller_glyphs/shared_color_outlined_button_b_sm.png	1022	.png
rune_controller_glyphs/shared_color_outlined_button_x_lg.png	7204	.png
rune_controller_glyphs/shared_color_outlined_button_x_md.png	3613	.png
rune_controller_glyphs/shared_color_outlined_button_x_sm.png	968	.png
rune_controller_glyphs/shared_color_outlined_button_y_lg.png	6867	.png
rune_controller_glyphs/shared_color_outlined_button_y_md.png	3444	.png
rune_controller_glyphs/shared_color_outlined_button_y_sm.png	935	.png
rune_controller_glyphs/shared_dpad_down_lg.png	1583	.png
rune_controller_glyphs/shared_dpad_down_md.png	807	.png
rune_controller_glyphs/shared_dpad_down_sm.png	318	.png
rune_controller_glyphs/shared_dpad_left_lg.png	1619	.png
rune_controller_glyphs/shared_dpad_left_md.png	806	.png
rune_controller_glyphs/shared_dpad_left_sm.png	306	.png
rune_controller_glyphs/shared_dpad_lg.png	1379	.png
rune_controller_glyphs/shared_dpad_md.png	670	.png
rune_controller_glyphs/shared_dpad_right_lg.png	1608	.png
rune_controller_glyphs/shared_dpad_right_md.png	807	.png
rune_controller_glyphs/shared_dpad_right_sm.png	303	.png
rune_controller_glyphs/shared_dpad_sm.png	262	.png
rune_controller_glyphs/shared_dpad_up_lg.png	1611	.png
rune_controller_glyphs/shared_dpad_up_md.png	810	.png
rune_controller_glyphs/shared_dpad_up_sm.png	316	.png
rune_controller_glyphs/shared_l3_lg.png	3074	.png
rune_controller_glyphs/shared_l3_md.png	1486	.png
rune_controller_glyphs/shared_l3_sm.png	416	.png
rune_controller_glyphs/shared_lstick_click_lg.png	2102	.png
rune_controller_glyphs/shared_lstick_click_md.png	1054	.png
rune_controller_glyphs/shared_lstick_click_sm.png	344	.png
rune_controller_glyphs/shared_lstick_down_lg.png	4998	.png
rune_controller_glyphs/shared_lstick_down_md.png	2238	.png
rune_controller_glyphs/shared_lstick_down_sm.png	600	.png
rune_controller_glyphs/shared_lstick_left_lg.png	5075	.png
rune_controller_glyphs/shared_lstick_left_md.png	2291	.png
rune_controller_glyphs/shared_lstick_left_sm.png	606	.png
rune_controller_glyphs/shared_lstick_lg.png	1787	.png
rune_controller_glyphs/shared_lstick_md.png	915	.png
rune_controller_glyphs/shared_lstick_right_lg.png	5098	.png
rune_controller_glyphs/shared_lstick_right_md.png	2273	.png
rune_controller_glyphs/shared_lstick_right_sm.png	601	.png
rune_controller_glyphs/shared_lstick_sm.png	305	.png
rune_controller_glyphs/shared_lstick_up_lg.png	5011	.png
rune_controller_glyphs/shared_lstick_up_md.png	2235	.png
rune_controller_glyphs/shared_lstick_up_sm.png	599	.png
rune_controller_glyphs/shared_r3_lg.png	3495	.png
rune_controller_glyphs/shared_r3_md.png	1688	.png
rune_controller_glyphs/shared_r3_sm.png	464	.png
rune_controller_glyphs/shared_rstick_click_lg.png	2744	.png
rune_controller_glyphs/shared_rstick_click_md.png	1392	.png
rune_controller_glyphs/shared_rstick_click_sm.png	424	.png
rune_controller_glyphs/shared_rstick_down_lg.png	5459	.png
rune_controller_glyphs/shared_rstick_down_md.png	2464	.png
rune_controller_glyphs/shared_rstick_down_sm.png	632	.png
rune_controller_glyphs/shared_rstick_left_lg.png	5539	.png
rune_controller_glyphs/shared_rstick_left_md.png	2513	.png
rune_controller_glyphs/shared_rstick_left_sm.png	634	.png
rune_controller_glyphs/shared_rstick_lg.png	2425	.png
rune_controller_glyphs/shared_rstick_md.png	1259	.png
rune_controller_glyphs/shared_rstick_right_lg.png	5562	.png
rune_controller_glyphs/shared_rstick_right_md.png	2492	.png
rune_controller_glyphs/shared_rstick_right_sm.png	622	.png
rune_controller_glyphs/shared_rstick_sm.png	384	.png
rune_controller_glyphs/shared_rstick_up_lg.png	5475	.png
rune_controller_glyphs/shared_rstick_up_md.png	2461	.png
rune_controller_glyphs/shared_rstick_up_sm.png	629	.png
rune_controller_glyphs/switchpro_button_minus_lg.png	3363	.png
rune_controller_glyphs/switchpro_button_minus_md.png	1704	.png
rune_controller_glyphs/switchpro_button_minus_sm.png	459	.png
rune_controller_glyphs/switchpro_button_plus_lg.png	3419	.png
rune_controller_glyphs/switchpro_button_plus_md.png	1754	.png
rune_controller_glyphs/switchpro_button_plus_sm.png	486	.png
rune_controller_glyphs/switchpro_dpad_down_lg.png	4013	.png
rune_controller_glyphs/switchpro_dpad_down_md.png	2074	.png
rune_controller_glyphs/switchpro_dpad_down_sm.png	494	.png
rune_controller_glyphs/switchpro_dpad_left_lg.png	3881	.png
rune_controller_glyphs/switchpro_dpad_left_md.png	2019	.png
rune_controller_glyphs/switchpro_dpad_left_sm.png	472	.png
rune_controller_glyphs/switchpro_dpad_lg.png	5233	.png
rune_controller_glyphs/switchpro_dpad_md.png	2368	.png
rune_controller_glyphs/switchpro_dpad_right_lg.png	3887	.png
rune_controller_glyphs/switchpro_dpad_right_md.png	2044	.png
rune_controller_glyphs/switchpro_dpad_right_sm.png	475	.png
rune_controller_glyphs/switchpro_dpad_sm.png	516	.png
rune_controller_glyphs/switchpro_dpad_up_lg.png	4061	.png
rune_controller_glyphs/switchpro_dpad_up_md.png	2055	.png
rune_controller_glyphs/switchpro_dpad_up_sm.png	495	.png
rune_controller_glyphs/switchpro_l2_lg.png	2642	.png
rune_controller_glyphs/switchpro_l2_md.png	1371	.png
rune_controller_glyphs/switchpro_l2_sm.png	440	.png
rune_controller_glyphs/switchpro_l2_soft_lg.png	3632	.png
rune_controller_glyphs/switchpro_l2_soft_md.png	1889	.png
rune_controller_glyphs/switchpro_l2_soft_sm.png	546	.png
rune_controller_glyphs/switchpro_l_lg.png	1839	.png
rune_controller_glyphs/switchpro_l_md.png	951	.png
rune_controller_glyphs/switchpro_l_sm.png	349	.png
rune_controller_glyphs/switchpro_lstick_click_lg.png	5775	.png
rune_controller_glyphs/switchpro_lstick_click_md.png	2705	.png
rune_controller_glyphs/switchpro_lstick_click_sm.png	669	.png
rune_controller_glyphs/switchpro_lstick_down_lg.png	5779	.png
rune_controller_glyphs/switchpro_lstick_down_md.png	2678	.png
rune_controller_glyphs/switchpro_lstick_down_sm.png	662	.png
rune_controller_glyphs/switchpro_lstick_left_lg.png	5723	.png
rune_controller_glyphs/switchpro_lstick_left_md.png	2650	.png
rune_controller_glyphs/switchpro_lstick_left_sm.png	630	.png
rune_controller_glyphs/switchpro_lstick_lg.png	6618	.png
rune_controller_glyphs/switchpro_lstick_md.png	3077	.png
rune_controller_glyphs/switchpro_lstick_right_lg.png	5651	.png
rune_controller_glyphs/switchpro_lstick_right_md.png	2626	.png
rune_controller_glyphs/switchpro_lstick_right_sm.png	647	.png
rune_controller_glyphs/switchpro_lstick_sm.png	689	.png
rune_controller_glyphs/switchpro_lstick_up_lg.png	5806	.png
rune_controller_glyphs/switchpro_lstick_up_md.png	2654	.png
rune_controller_glyphs/switchpro_lstick_up_sm.png	681	.png
rune_controller_glyphs/switchpro_r2_lg.png	3268	.png
rune_controller_glyphs/switchpro_r2_md.png	1690	.png
rune_controller_glyphs/switchpro_r2_sm.png	488	.png
rune_controller_glyphs/switchpro_r2_soft_lg.png	4169	.png
rune_controller_glyphs/switchpro_r2_soft_md.png	2181	.png
rune_controller_glyphs/switchpro_r2_soft_sm.png	619	.png
rune_controller_glyphs/switchpro_r_lg.png	2598	.png
rune_controller_glyphs/switchpro_r_md.png	1250	.png
rune_controller_glyphs/switchpro_r_sm.png	408	.png
rune_controller_glyphs/switchpro_rstick_click_lg.png	6246	.png
rune_controller_glyphs/switchpro_rstick_click_md.png	2873	.png
rune_controller_glyphs/switchpro_rstick_click_sm.png	698	.png
rune_controller_glyphs/switchpro_rstick_down_lg.png	6254	.png
rune_controller_glyphs/switchpro_rstick_down_md.png	2923	.png
rune_controller_glyphs/switchpro_rstick_down_sm.png	719	.png
rune_controller_glyphs/switchpro_rstick_left_lg.png	6276	.png
rune_controller_glyphs/switchpro_rstick_left_md.png	2862	.png
rune_controller_glyphs/switchpro_rstick_left_sm.png	668	.png
rune_controller_glyphs/switchpro_rstick_lg.png	7171	.png
rune_controller_glyphs/switchpro_rstick_md.png	3336	.png
rune_controller_glyphs/switchpro_rstick_right_lg.png	6163	.png
rune_controller_glyphs/switchpro_rstick_right_md.png	2870	.png
rune_controller_glyphs/switchpro_rstick_right_sm.png	685	.png
rune_controller_glyphs/switchpro_rstick_sm.png	753	.png
rune_controller_glyphs/switchpro_rstick_up_lg.png	6359	.png
rune_controller_glyphs/switchpro_rstick_up_md.png	2980	.png
rune_controller_glyphs/switchpro_rstick_up_sm.png	707	.png
rune_controller_glyphs/xbox360_button_select_lg.png	2352	.png
rune_controller_glyphs/xbox360_button_select_md.png	1195	.png
rune_controller_glyphs/xbox360_button_select_sm.png	367	.png
rune_controller_glyphs/xbox360_button_start_lg.png	2338	.png
rune_controller_glyphs/xbox360_button_start_md.png	1184	.png
rune_controller_glyphs/xbox360_button_start_sm.png	361	.png
rune_controller_glyphs/xbox_button_select_lg.png	956	.png
rune_controller_glyphs/xbox_button_select_md.png	543	.png
rune_controller_glyphs/xbox_button_select_sm.png	255	.png
rune_controller_glyphs/xbox_button_start_lg.png	533	.png
rune_controller_glyphs/xbox_button_start_md.png	271	.png
rune_controller_glyphs/xbox_button_start_sm.png	186	.png
rune_controller_glyphs/xbox_lb_lg.png	3069	.png
rune_controller_glyphs/xbox_lb_md.png	1554	.png
rune_controller_glyphs/xbox_lb_sm.png	445	.png
rune_controller_glyphs/xbox_lt_lg.png	2993	.png
rune_controller_glyphs/xbox_lt_md.png	1566	.png
rune_controller_glyphs/xbox_lt_sm.png	468	.png
rune_controller_glyphs/xbox_lt_soft_lg.png	3648	.png
rune_controller_glyphs/xbox_lt_soft_md.png	1893	.png
rune_controller_glyphs/xbox_lt_soft_sm.png	579	.png
rune_controller_glyphs/xbox_rb_lg.png	3649	.png
rune_controller_glyphs/xbox_rb_md.png	1862	.png
rune_controller_glyphs/xbox_rb_sm.png	526	.png
rune_controller_glyphs/xbox_rt_lg.png	3637	.png
rune_controller_glyphs/xbox_rt_md.png	1888	.png
rune_controller_glyphs/xbox_rt_sm.png	531	.png
rune_controller_glyphs/xbox_rt_soft_lg.png	4030	.png
rune_controller_glyphs/xbox_rt_soft_md.png	2151	.png
rune_controller_glyphs/xbox_rt_soft_sm.png	586	.png
steam_api64.dll	966752	.dll
steam_api64.rne	301928	.rne
steam_emu.ini	4997	.ini
third-party-licenses.html	1336739	.html
tiny-glade.exe	58460160	.exe
tiny-glade.rne	58460160	.rne
tiny_glade.pdb	274710528	.pdb
